ACTIVITY DATE,OWNER ID,OWNER NAME,FACILITY ID,FACILITY NAME,RECORD ID,PROGRAM NAME,PROGRAM STATUS,PROGRAM ELEMENT,PE DESCRIPTION,FACILITY ADDRESS,FACILITY CITY,FACILITY STATE,FACILITY ZIP,SERVICE CODE,SERVICE DESCRIPTION,SCORE,GRADE,SERIAL NUMBER,EMPLOYEE ID
06/30/2026,OW0366632,LIMKAOLIDA CORPORATION,FA0402202,5TH AVE BAGELRY,PR0369192,5TH AVE BAGELRY,ACTIVE,1631,RESTAURANT (0-30) SEATS MODERATE RISK,16228 WHITTIER BLVD,WHITTIER,CA,90603,001,ROUTINE INSPECTION,94,A,DA6111890,EE0001499
06/30/2026,OW0235443,THE THREE REPRESENTATIVE CORP,FA0239083,7 POT,PR0187034,7 POT,ACTIVE,1635,RESTAURANT (31-60) SEATS HIGH RISK,625 S BARRANCA AVE,COVINA,CA,91723,001,ROUTINE INSPECTION,82,B,DA6113939,EE0001306
06/30/2026,OW0308583,ISAPUR RETAIL LLC,FA0402131,7-ELEVEN 38041B,PR0369119,7-ELEVEN 38041B,ACTIVE,1613,"FOOD MKT RETAIL (2,000+ SF) LOW RISK",1328 SAN GABRIEL BLVD,ROSEMEAD,CA,91770,001,ROUTINE INSPECTION,96,A,DA6113780,EE0001494
06/30/2026,OW0366356,KB BROTHERS INC,FA0401880,7-ELEVEN STORE 17184G,PR0368822,7-ELEVEN STORE 17184G,ACTIVE,1610,"FOOD MKT RETAIL (1-1,999 SF) LOW RISK",10437 WHITTIER BLVD,WHITTIER,CA,90606,001,ROUTINE INSPECTION,95,A,DA6111849,EE0001429
06/30/2026,OW0266373,"ALEBRIJES MEXICAN GRILL, INC",FA0277300,ALEBRIJES MEXICAN GRILL,PR0231082,ALEBRIJES MEXICAN GRILL,ACTIVE,1635,RESTAURANT (31-60) SEATS HIGH RISK,102 W 7TH ST,LOS ANGELES,CA,90014,001,ROUTINE INSPECTION,90,A,DA6113541,EE0001663
06/30/2026,OW0101436,"NMAB ENTERPRISES, INC",FA0138028,ALICIA'S BIRRIERIA,PR0122257,ALICIA'S BIRRIERIA,ACTIVE,1632,RESTAURANT (0-30) SEATS HIGH RISK,1025 TRUMAN ST,SAN FERNANDO,CA,91340,001,ROUTINE INSPECTION,97,A,DA6111507,EE0000476
06/30/2026,OW0006417,"CASBURN, JAMES ET AL",FA0006056,ALTADENA ALE HOUSE CORP,PR0034208,ALTADENA ALE HOUSE CORP,ACTIVE,1634,RESTAURANT (31-60) SEATS MODERATE RISK,2329 FAIR OAKS AVE,ALTADENA,CA,91001,001,ROUTINE INSPECTION,98,A,DA6112276,EE0000242
06/30/2026,OW0121724,ANGELES CREST CHRISTIAN CAMP,FA0156429,ANGELES CREST CHRISTIAN CAMP,PR0271947,ANGELES CREST CHRISTIAN CAMP KITCHEN,ACTIVE,1631,RESTAURANT (0-30) SEATS MODERATE RISK,20075 ANGELES CREST HWY STE 190,PALMDALE,CA,93550,001,ROUTINE INSPECTION,90,A,DA6115491,EE0000912
06/30/2026,OW0262002,APGUJUNE INC,FA0272256,APGUJUNG INC,PR0225060,APGUJUNG INC,ACTIVE,1635,RESTAURANT (31-60) SEATS HIGH RISK,20627 GOLDEN SPRINGS DR # 2-F,DIAMOND BAR,CA,91789,001,ROUTINE INSPECTION,90,A,DA6113542,EE0001431
06/30/2026,OW0030028,"REYES, ERASMO H ET AL",FA0004854,BAMBOO EXPRESS,PR0012708,BAMBOO EXPRESS,ACTIVE,1632,RESTAURANT (0-30) SEATS HIGH RISK,600 S ALVARADO ST # 107-8,LOS ANGELES,CA,90057,001,ROUTINE INSPECTION,94,A,DA6113830,EE0001662
06/30/2026,OW0003977,BARNES & NOBLE BOOKSELLERS INC,FA0058027,BARNES & NOBLE CAFE,PR0006657,BARNES & NOBLE CAFE,ACTIVE,1634,RESTAURANT (31-60) SEATS MODERATE RISK,189 THE GROVE DR STE #K-30,LOS ANGELES,CA,90036,001,ROUTINE INSPECTION,95,A,DA6112258,EE0001632
06/30/2026,OW0305547,BASIL THAI CA LLC,FA0330146,BASIL THAI CA LLC,PR0290393,BASIL THAI KITCHEN,ACTIVE,1632,RESTAURANT (0-30) SEATS HIGH RISK,9301 TAMPA AVE FC3,NORTHRIDGE,CA,91324,001,ROUTINE INSPECTION,95,A,DA6112248,EE0000207
06/30/2026,OW0254917,VARMAN INC,FA0263614,BASKIN ROBBINS,PR0214545,BASKIN ROBBINS,ACTIVE,1631,RESTAURANT (0-30) SEATS MODERATE RISK,10212 ALONDRA BLVD,BELLFLOWER,CA,90706,001,ROUTINE INSPECTION,98,A,DA6116970,EE0001507
06/30/2026,OW0365496,DINO MART AVALON LLC,FA0400913,BEST SMOKE SHOP,PR0367710,BEST SMOKE SHOP,ACTIVE,1610,"FOOD MKT RETAIL (1-1,999 SF) LOW RISK",1855 W MANCHESTER AVE 107,LOS ANGELES,CA,90047,001,ROUTINE INSPECTION,97,A,DA6110453,EE0001640
06/30/2026,OW0006872,"CHAHINE, ALI",FA0009503,BIG AL'S PIZZERIA,PR0017644,BIG AL'S PIZZERIA,ACTIVE,1631,RESTAURANT (0-30) SEATS MODERATE RISK,6044 ATLANTIC BLVD,MAYWOOD,CA,90270,001,ROUTINE INSPECTION,90,A,DA6111058,EE0001261
06/30/2026,OW0004721,BILTMORE PLACE OPERATIONS CO,FA0058395,BILTMORE HOTEL GRAND AVE BAR,PR0035567,SMERALDI'S,ACTIVE,1641,RESTAURANT (151 + ) SEATS HIGH RISK,506 S GRAND AVE,LOS ANGELES,CA,90071,001,ROUTINE INSPECTION,97,A,DA6111392,EE0000136
06/30/2026,OW0004721,BILTMORE PLACE OPERATIONS CO,FA0058395,BILTMORE HOTEL GRAND AVE BAR,PR0019067,MAIN KITCHEN,ACTIVE,1641,RESTAURANT (151 + ) SEATS HIGH RISK,506 S GRAND AVE,LOS ANGELES,CA,90071,001,ROUTINE INSPECTION,98,A,DA6111345,EE0000136
06/30/2026,OW0004721,BILTMORE PLACE OPERATIONS CO,FA0058395,BILTMORE HOTEL GRAND AVE BAR,PR0046914,BILTMORE HOTEL GALLERY BAR,ACTIVE,1633,RESTAURANT (31-60) SEATS LOW RISK,506 S GRAND AVE,LOS ANGELES,CA,90071,001,ROUTINE INSPECTION,92,A,DA6111235,EE0000136
06/30/2026,OW0004721,BILTMORE PLACE OPERATIONS CO,FA0058395,BILTMORE HOTEL GRAND AVE BAR,PR0036645,BILTMORE HOTEL BAKE SHOP,ACTIVE,1631,RESTAURANT (0-30) SEATS MODERATE RISK,506 S GRAND AVE,LOS ANGELES,CA,90071,001,ROUTINE INSPECTION,100,A,DA6111387,EE0000136
06/30/2026,OW0004721,BILTMORE PLACE OPERATIONS CO,FA0058395,BILTMORE HOTEL GRAND AVE BAR,PR0004444,BILTMORE HOTEL- BERNARDS,ACTIVE,1640,RESTAURANT (151 + ) SEATS MODERATE RISK,506 S GRAND AVE,LOS ANGELES,CA,90071,001,ROUTINE INSPECTION,96,A,DA6111379,EE0000136
06/30/2026,OW0267963,BL 11601 WILSHIRE CA LLC,FA0279197,BLUESTONE LANE,PR0233369,BLUESTONE LANE,ACTIVE,1631,RESTAURANT (0-30) SEATS MODERATE RISK,11601 WILSHIRE BLVD,LOS ANGELES,CA,90025,001,ROUTINE INSPECTION,95,A,DA6112410,EE0001565
06/30/2026,OW0016382,HOST INTERNATIONAL INC,FA0138436,BORDER GRILL,PR0122754,BORDER GRILL,ACTIVE,1638,RESTAURANT (61-150) SEATS HIGH RISK,380 WORLD WAY T38,LOS ANGELES,CA,90045,001,ROUTINE INSPECTION,96,A,DA6112025,EE0000268
06/30/2026,OW0365225,BDB CALIFORNIA LLC,FA0400537,BUCA DI BEPPO,PR0367276,BUCA DI BEPPO,ACTIVE,1641,RESTAURANT (151 + ) SEATS HIGH RISK,1670 S PACIFIC COAST HWY,REDONDO BEACH,CA,90277,001,ROUTINE INSPECTION,91,A,DA6112332,EE0000486
06/30/2026,OW0016238,HONG EUN CHONG INC,FA0006953,CAFE SEOUL NANDARANG,PR0020642,CAFE SEOUL NANDARANG,ACTIVE,1638,RESTAURANT (61-150) SEATS HIGH RISK,3815 W 6TH ST,LOS ANGELES,CA,90020,001,ROUTINE INSPECTION,94,A,DA6112663,EE0001520
06/30/2026,OW0003866,"BANDERAS, FERNANDO",FA0012088,CAKES BY MARCE,PR0013470,CAKES BY MARCE,ACTIVE,1631,RESTAURANT (0-30) SEATS MODERATE RISK,7415 STATE ST,HUNTINGTON PARK,CA,90255,001,ROUTINE INSPECTION,96,A,DA6111767,EE0001219
06/30/2026,OW0290008,"CALI PHO NIA, INC",FA0308648,CALI PHO NIA,PR0267032,CALI PHO NIA,ACTIVE,1635,RESTAURANT (31-60) SEATS HIGH RISK,425 S WESTERN AVE STE A-B,LOS ANGELES,CA,90020,001,ROUTINE INSPECTION,94,A,DA6112507,EE0001520
06/30/2026,OW0116369,THE SALVATION ARMY,FA0150641,CAMP GILMORE,PR0274554,CAMP GILMORE KITCHEN,ACTIVE,1631,RESTAURANT (0-30) SEATS MODERATE RISK,26801 DOROTHY DR,CALABASAS,CA,91302,001,ROUTINE INSPECTION,95,A,DA6111461,EE0000685
06/30/2026,OW0260781,CITY OF LOS ANGELES DEPT OF RECREATION & PARKS,FA0270820,CAMP HOLLYWOODLAND,PR0272704,CAMP HOLLYWOODLAND KITCHEN,ACTIVE,1631,RESTAURANT (0-30) SEATS MODERATE RISK,3200 CANYON DR,LOS ANGELES,CA,90068,001,ROUTINE INSPECTION,95,A,DA6110599,EE0000828
06/30/2026,OW0006463,"CASTANEDA, ARTURO M",FA0059244,CARNICERIA GUADALAJARA,PR0026812,CARNICERIA GUADALAJARA,ACTIVE,1615,"FOOD MKT RETAIL (2,000+ SF) HIGH RISK",7876 SEVILLE AVE,HUNTINGTON PARK,CA,90255,001,ROUTINE INSPECTION,95,A,DA6111577,EE0001219
06/30/2026,OW0257780,PRESTIGE WORLDWIDE AK LLC,FA0267157,CHA CHA MATCHA,PR0218541,CHA CHA MATCHA,ACTIVE,1630,RESTAURANT (0-30) SEATS LOW RISK,510 N ROBERTSON BLVD,WEST HOLLYWOOD,CA,90048,001,ROUTINE INSPECTION,95,A,DA6113533,EE0001666
06/30/2026,OW0243704,"BOULANGERIES DE PARIS, LLC",FA0008493,CHAUMONT,PR0029028,CHAUMONT,ACTIVE,1635,RESTAURANT (31-60) SEATS HIGH RISK,143 S BEVERLY DR,BEVERLY HILLS,CA,90212,001,ROUTINE INSPECTION,90,A,DA6113071,EE0001658
06/30/2026,OW0016382,HOST INTERNATIONAL INC,FA0138165,CHAYA SUSHI,PR0122409,CHAYA SUSHI,ACTIVE,1632,RESTAURANT (0-30) SEATS HIGH RISK,380 WORLD WAY T44,LOS ANGELES,CA,90045,001,ROUTINE INSPECTION,96,A,DA6111938,EE0000268
06/30/2026,OW0366601,QUATTRO STAGIONI LLC,FA0402166,CHE MANGI,PR0369155,CHE MANGI,ACTIVE,1632,RESTAURANT (0-30) SEATS HIGH RISK,312 N GLENOAKS BLVD,BURBANK,CA,91502,001,ROUTINE INSPECTION,99,A,DA6111943,EE0001237
06/30/2026,OW0263635,ROSALYN LY & NAVY HAS LY,FA0274143,CHERRI'S DONUTS PLUS,PR0227287,CHERRI'S DONUTS PLUS,ACTIVE,1631,RESTAURANT (0-30) SEATS MODERATE RISK,10216 ALONDRA BLVD,BELLFLOWER,CA,90706,001,ROUTINE INSPECTION,95,A,DA6116984,EE0001507
06/30/2026,OW0180604,LHC FOOD & BEVERAGE LLC,FA0173852,CINEPOLIS,PR0166663,CINEPOLIS - RESTAURANT,ACTIVE,1631,RESTAURANT (0-30) SEATS MODERATE RISK,8540 E WHITTIER BLVD,PICO RIVERA,CA,90660,001,ROUTINE INSPECTION,90,A,DA6112586,EE0001482
06/30/2026,OW0366537,CORLEONE PIZZA INC,FA0402091,CORLEONE PIZZA INC,PR0369057,RESTAURANT,ACTIVE,1632,RESTAURANT (0-30) SEATS HIGH RISK,310 W 7TH ST,LOS ANGELES,CA,90014,001,ROUTINE INSPECTION,92,A,DA6113531,EE0001663
06/30/2026,OW0128228,RYAN LADAN & ASSOCIATES LLC,FA0164927,CRAB BOIL AVE,PR0153221,CRAB BOIL AVE,ACTIVE,1641,RESTAURANT (151 + ) SEATS HIGH RISK,900 N CENTRAL AVE,GLENDALE,CA,91203,001,ROUTINE INSPECTION,93,A,DA6113558,EE0001432
06/30/2026,OW0329576,ICE CREAM DELIGHTS LLC,FA0356446,CRAZY DELIGHTS,PR0317509,CRAZY DELIGHTS,ACTIVE,1631,RESTAURANT (0-30) SEATS MODERATE RISK,1648 INDIAN HILL,POMONA,CA,91767,001,ROUTINE INSPECTION,95,A,DA6112210,EE0001266
06/30/2026,OW0326498,"CRUMBLE PATISSERIE, INC",FA0352798,CRUMBLE PATISSERIE,PR0313599,CRUMBLE PATISSERIE,ACTIVE,1630,RESTAURANT (0-30) SEATS LOW RISK,350 N GLENDALE AVE # E,GLENDALE,CA,91206,001,ROUTINE INSPECTION,91,A,DA6112456,EE0000424
06/30/2026,OW0288019,DAGOBERTO GARCIA FRANCO,FA0305954,DELICIAS MEXICAN FOOD,PR0264019,DELICIAS MEXICAN FOOD,ACTIVE,1632,RESTAURANT (0-30) SEATS HIGH RISK,2076 E 103RD ST,LOS ANGELES,CA,90002,001,ROUTINE INSPECTION,77,C,DA6113257,EE0001508
06/30/2026,OW0023801,MAVOPIAN JOHN,FA0019964,DUNES RESTAURANT,PR0022540,DUNES RESTAURANT,ACTIVE,1638,RESTAURANT (61-150) SEATS HIGH RISK,5625 W SUNSET BLVD,LOS ANGELES,CA,90028,001,ROUTINE INSPECTION,100,A,DA6117402,EE0000997
06/30/2026,OW0245960,EATON ALTADENA GOLF LLC,FA0252308,EATON CANYON GOLF COURSE,PR0201564,EATON CANYON GOLF COURSE,ACTIVE,1634,RESTAURANT (31-60) SEATS MODERATE RISK,1150 SIERRA MADRE VILLA AVE,PASADENA,CA,91107,001,ROUTINE INSPECTION,91,A,DA6114435,EE0000242
06/30/2026,OW0121826,ISAURA T LOWE,FA0156530,EL DIAMANTE BAR,PR0144202,EL DIAMANTE BAR,ACTIVE,1630,RESTAURANT (0-30) SEATS LOW RISK,331 E MISSION BLVD,POMONA,CA,91766,001,ROUTINE INSPECTION,93,A,DA6112435,EE0001266
06/30/2026,OW0251416,EL FARO TACOS RESTAR INC,FA0259414,EL FARO TACOS RESTAURANT,PR0209600,EL FARO TACOS RESTAURANT,ACTIVE,1632,RESTAURANT (0-30) SEATS HIGH RISK,13261 MACLAY ST,SAN FERNANDO,CA,91340,001,ROUTINE INSPECTION,94,A,DA6112246,EE0001316
06/30/2026,OW0290836,FMJJ INC,FA0309656,EL POLLO LOCO #3896,PR0268140,EL POLLO LOCO #3896,ACTIVE,1635,RESTAURANT (31-60) SEATS HIGH RISK,8601 SANTA MONICA BLVD,WEST HOLLYWOOD,CA,90069,001,ROUTINE INSPECTION,96,A,DA6111941,EE0001546
06/30/2026,OW0010868,EL POLLO LOCO INC,FA0021111,EL POLLO LOCO #5902,PR0037683,EL POLLO LOCO #5902,ACTIVE,1635,RESTAURANT (31-60) SEATS HIGH RISK,5300 W CENTINELA AVE,LOS ANGELES,CA,90045,001,ROUTINE INSPECTION,92,A,DA6111900,EE0001164
06/30/2026,OW0129935,COMPASS USA INC,FA0166843,EMIRATES LOUNGE,PR0157171,EMIRATES LOUNGE,ACTIVE,1638,RESTAURANT (61-150) SEATS HIGH RISK,380 WORLD WAY BOX S-7,LOS ANGELES,CA,90045,001,ROUTINE INSPECTION,98,A,DA6111984,EE0000268
06/30/2026,OW0365499,GREEN BAMBOO LLC,FA0400916,FANHUA BLOSSOM,PR0367714,FANHUA BLOSSOM,ACTIVE,1631,RESTAURANT (0-30) SEATS MODERATE RISK,848 E GARVEY AVE # D,MONTEREY PARK,CA,91755,001,ROUTINE INSPECTION,95,A,DA6111825,EE0001534
06/30/2026,OW0271796,"MARINA FAT TOMATO, INC",FA0284358,FAT TOMATO,PR0239554,FAT TOMATO,ACTIVE,1632,RESTAURANT (0-30) SEATS HIGH RISK,13352 W WASHINGTON BLVD,LOS ANGELES,CA,90066,001,ROUTINE INSPECTION,92,A,DA6113433,EE0001430
06/30/2026,OW0124173,GOLDEN ROAD FOOD SERVICES,FA0159148,FRESH BROTHERS,PR0147214,FRESH BROTHERS,ACTIVE,1634,RESTAURANT (31-60) SEATS MODERATE RISK,8613 W SANTA MONICA BLVD,WEST HOLLYWOOD,CA,90069,001,ROUTINE INSPECTION,90,A,DA6112010,EE0001546
06/30/2026,OW0328259,"GABIN LA, INC",FA0354843,GABIN KOREAN GRILL,PR0315736,GABIN KOREAN GRILL,ACTIVE,1638,RESTAURANT (61-150) SEATS HIGH RISK,400 S WESTERN AVE,LOS ANGELES,CA,9002-,001,ROUTINE INSPECTION,98,A,DA6112270,EE0001520
06/30/2026,OW0252063,FRANCISCO MARCOS RODRIGUEZ,FA0260189,GRAND FISH TACOS & CEVICHE,PR0210542,GRAND FISH TACOS & CEVICHE,ACTIVE,1635,RESTAURANT (31-60) SEATS HIGH RISK,15410 S WESTERN AVE UNIT A,GARDENA,CA,90250,001,ROUTINE INSPECTION,90,A,DA6112259,EE0001299
06/30/2026,OW0115929,ZARCO HOTEL MANAGEMENT,FA0150255,HOLLYWOOD HOTEL,PR0366913,BREAKFAST KITCHEN - HOLLYWOOD HOTEL,ACTIVE,1635,RESTAURANT (31-60) SEATS HIGH RISK,1160 N VERMONT AVE,LOS ANGELES,CA,90029,001,ROUTINE INSPECTION,96,A,DA6117418,EE0000997
06/30/2026,OW0243592,YOON SHIN LEE,FA0249320,HOUSE OF BOBA,PR0198049,HOUSE OF BOBA,ACTIVE,1632,RESTAURANT (0-30) SEATS HIGH RISK,5930 S MAIN ST,LOS ANGELES,CA,90003,001,ROUTINE INSPECTION,81,B,DA6111484,EE0001615
06/30/2026,OW0002172,ALISAL VENTURES LLC,FA0063833,IHOP RESTAURANT #782,PR0033387,IHOP #782,ACTIVE,1638,RESTAURANT (61-150) SEATS HIGH RISK,8600 S SEPULVEDA BLVD # #0000,LOS ANGELES,CA,90045,001,ROUTINE INSPECTION,90,A,DA6118188,EE0001590
06/30/2026,OW0034376,SUNRISE FOODS LLC,FA0029956,JACK IN THE BOX #291,PR0012574,JACK IN THE BOX #291,ACTIVE,1634,RESTAURANT (31-60) SEATS MODERATE RISK,10701 VENICE BLVD,LOS ANGELES,CA,90034,001,ROUTINE INSPECTION,83,B,DA6113391,EE0001574
06/30/2026,OW0276409,"JM FOODS, INC",FA0291481,JERSEY MIKE'S SUBS,PR0247339,JERSEY MIKE'S SUBS,ACTIVE,1634,RESTAURANT (31-60) SEATS MODERATE RISK,4114 SEPULVEDA BLVD STE H,CULVER CITY,CA,90230,001,ROUTINE INSPECTION,97,A,DA6117611,EE0001452
06/30/2026,OW0326015,TRINITYX INC,FA0352245,K-ZONE,PR0313001,K-ZONE,ACTIVE,1637,RESTAURANT (61-150) SEATS MODERATE RISK,865 S VERMONT AVE,LOS ANGELES,CA,90005,001,ROUTINE INSPECTION,80,B,DA6114317,EE0001591
06/30/2026,OW0291447,KICKIN' FISH & CHICKEN,FA0310421,KICKIN FISH & CHICKEN,PR0268978,KICKIN FISH & CHICKEN,ACTIVE,1632,RESTAURANT (0-30) SEATS HIGH RISK,8622 S SEPULVEDA BLVD,LOS ANGELES,CA,90045,001,ROUTINE INSPECTION,90,A,DA6118209,EE0001590
06/30/2026,OW0021928,LITTERATI CAFE LLC,FA0022212,LITERATI CAFE,PR0015519,LITERATI CAFE,ACTIVE,1635,RESTAURANT (31-60) SEATS HIGH RISK,12081 WILSHIRE BLVD,LOS ANGELES,CA,90025,001,ROUTINE INSPECTION,94,A,DA6112447,EE0001565
06/30/2026,OW0365372,HARVEST CUISINE,FA0400775,LU'S GARDEN,PR0367562,LU'S GARDEN,ACTIVE,1638,RESTAURANT (61-150) SEATS HIGH RISK,534 E VALLEY BLVD 12,SAN GABRIEL,CA,91776,001,ROUTINE INSPECTION,90,A,DA6111775,EE0001534
06/30/2026,OW0365491,KAZI SABBIR AHMMAD,FA0400907,M&M MARKET,PR0367704,M&M MARKET,ACTIVE,1610,"FOOD MKT RETAIL (1-1,999 SF) LOW RISK",3358 DEL MAR AVE,ROSEMEAD,CA,91770,001,ROUTINE INSPECTION,93,A,DA6111648,EE0001534
06/30/2026,OW0277045,MACLAY CONVENIENCE CENTER INC,FA0292255,MACLAY SHELL & CIRCLE K,PR0248234,MACLAY SHELL & CIRCLE K,ACTIVE,1615,"FOOD MKT RETAIL (2,000+ SF) HIGH RISK",1203 N MACLAY AVE,SAN FERNANDO,CA,91340,001,ROUTINE INSPECTION,95,A,DA6111959,EE0001316
06/30/2026,OW0285778,PENZ LLC,FA0303100,MAIN SQUEEZE SANTA MONICA,PR0260797,MAIN SQUEEZE SANTA MONICA,ACTIVE,1631,RESTAURANT (0-30) SEATS MODERATE RISK,2727 MAIN ST STE B,SANTA MONICA,CA,90405,401,OWNER INITIATED INSPECTION,90,A,DA6113293,EE0001574
06/30/2026,OW0257594,"JONES MANAGEMENT MC DONALD'S FLORENCE, INC",FA0266921,MC DONALD'S,PR0218292,MC DONALD'S,ACTIVE,1637,RESTAURANT (61-150) SEATS MODERATE RISK,2931 E FLORENCE AVE,HUNTINGTON PARK,CA,90255,001,ROUTINE INSPECTION,94,A,DA6111935,EE0001573
06/30/2026,OW0023940,MCDONALD'S CORPORATION,FA0024164,MCDONALD'S #4431,PR0005451,MC DONALDS #4431,ACTIVE,1637,RESTAURANT (61-150) SEATS MODERATE RISK,1845 S LA CIENEGA BLVD,LOS ANGELES,CA,90035,001,ROUTINE INSPECTION,94,A,DA6112189,EE0001598
06/30/2026,OW0004188,BEAN BY BEAN LLC,FA0040254,METRO CAFE,PR0048313,METRO CAFE,ACTIVE,1635,RESTAURANT (31-60) SEATS HIGH RISK,11188 WASHINGTON PL,CULVER CITY,CA,90232,001,ROUTINE INSPECTION,98,A,DA6117592,EE0001452
06/30/2026,OW0035309,"TERRAMANI, DANTE",FA0024675,MEXICATESSEN,PR0001018,MEXICATESSEN,ACTIVE,1632,RESTAURANT (0-30) SEATS HIGH RISK,830 S ATLANTIC BLVD,MONTEREY PARK,CA,91754,001,ROUTINE INSPECTION,90,A,DA6110997,EE0001119
06/30/2026,OW0261071,MI RANCHITO 6TH STREET EAST,FA0271147,MI RANCHITO MEXICAN GRILL,PR0223832,MI RANCHITO MEXICAN GRILL,ACTIVE,1638,RESTAURANT (61-150) SEATS HIGH RISK,569 E PALMDALE BLVD,PALMDALE,CA,93550,001,ROUTINE INSPECTION,91,A,DA6111136,EE0001665
06/30/2026,OW0180595,MIDICI LLC,FA0173838,MIDICI NEOPOLITAN PIZZA,PR0166652,MIDICI,ACTIVE,1638,RESTAURANT (61-150) SEATS HIGH RISK,14612 VENTURA BLVD,SHERMAN OAKS,CA,91403,001,ROUTINE INSPECTION,91,A,DA6111880,EE0000874
06/30/2026,OW0366295,MAHA  WANNES,FA0401812,MIKE'S BEVERAGE SHOP,PR0368748,MIKE'S BEVERAGE SHOP,ACTIVE,1613,"FOOD MKT RETAIL (2,000+ SF) LOW RISK",42263 S 50TH ST # 101,QUARTZ HILL,CA,93536,001,ROUTINE INSPECTION,100,A,DA6119237,EE0001537
06/30/2026,OW0265623,"AMHERST KITCHEN , LLC",FA0276448,MILLCROSS COFFEE BAR AND KITCHEN,PR0230047,MILLCROSS COFFEE BAR AND KITCHEN,ACTIVE,1632,RESTAURANT (0-30) SEATS HIGH RISK,11050 WASHINGTON BLVD,CULVER CITY,CA,90232,001,ROUTINE INSPECTION,97,A,DA6117581,EE0001452
06/30/2026,OW0268651,"DAVID TEWASART, INC",FA0311953,MIYA,PR0270614,MIYA,ACTIVE,1632,RESTAURANT (0-30) SEATS HIGH RISK,2470 LAKE AVE,ALTADENA,CA,91001,001,ROUTINE INSPECTION,91,A,DA6114757,EE0000242
06/30/2026,OW0366006,MODU NOODLE INC,FA0401479,MODU MIAN DIAN,PR0368368,MODU MIAN DIAN,ACTIVE,1632,RESTAURANT (0-30) SEATS HIGH RISK,18414 COLIMA RD STE Q,ROWLAND HEIGHTS,CA,91748,001,ROUTINE INSPECTION,90,A,DA6111980,EE0001499
06/30/2026,OW0298838,MR HK GROUP,FA0321555,MR CHOPSTICKS BBQ RESTAURANT,PR0281208,MR CHOPSTICKS BBQ RESTAURANT,ACTIVE,1638,RESTAURANT (61-150) SEATS HIGH RISK,10990 LOWER AZUSA RD 10,EL MONTE,CA,91731,001,ROUTINE INSPECTION,92,A,DA6112118,EE0001480
06/30/2026,OW0009687,DELGADILL LETICIA,FA0067269,MR CHURRO BAKERY,PR0021607,MR CHURRO BAKERY,ACTIVE,1632,RESTAURANT (0-30) SEATS HIGH RISK,849 N ALAMEDA ST # #E112,LOS ANGELES,CA,90012,001,ROUTINE INSPECTION,90,A,DA6111671,EE0001636
06/30/2026,OW0328135,MY CAFE & LOUNGE,FA0354692,MY CAFE & LOUNGE,PR0315556,MY CAFE & LOUNGE,ACTIVE,1638,RESTAURANT (61-150) SEATS HIGH RISK,151 S ARTSAKH AVE,GLENDALE,CA,91205,001,ROUTINE INSPECTION,90,A,DA6112578,EE0000318
06/30/2026,OW0265226,"GOODNRG, INC",FA0275975,NEIGHBARISTA,PR0229395,NEIGHBARISTA,ACTIVE,1635,RESTAURANT (31-60) SEATS HIGH RISK,23120 LYONS AVE # 24/25,SANTA CLARITA,CA,91321,001,ROUTINE INSPECTION,91,A,DA6111945,EE0001453
06/30/2026,OW0305472,SLAC NEIGHBORHOOD GRILL NHM LL,FA0330059,NEIGHBORHOOD GRILL,PR0290294,NEIGHBORHOOD GRILL,ACTIVE,1640,RESTAURANT (151 + ) SEATS MODERATE RISK,900 EXPOSITION BLVD,LOS ANGELES,CA,90007,001,ROUTINE INSPECTION,91,A,DA6112362,EE0001586
06/30/2026,OW0277085,ONE BITE DUMPLING INC,FA0292299,ONE BITE DUMPLING,PR0248283,ONE BITE DUMPLING,ACTIVE,1635,RESTAURANT (31-60) SEATS HIGH RISK,23120 LYONS AVE # 6&7,SANTA CLARITA,CA,91321,001,ROUTINE INSPECTION,90,A,DA6111946,EE0001453
06/30/2026,OW0248562,"MI CHIN DINING GROUP, INC",FA0255666,ONI SUSHI,PR0205372,ONI SUSHI,ACTIVE,1638,RESTAURANT (61-150) SEATS HIGH RISK,300 N INDIAN HILL BLVD,CLAREMONT,CA,91711,401,OWNER INITIATED INSPECTION,94,A,DA6112040,EE0001594
06/30/2026,OW0326305,LESLIE'S JUICE BAR LLC,FA0352577,ORGANICA JUICE BAR,PR0313357,ORGANICA JUICE BAR,ACTIVE,1631,RESTAURANT (0-30) SEATS MODERATE RISK,1505 W BEVERLY BLVD,MONTEBELLO,CA,90640,001,ROUTINE INSPECTION,92,A,DA6112233,EE0001393
06/30/2026,OW0299996,WENDY CHEN,FA0323315,ORIENTAL HOUSE RESTAURANT,PR0283064,ORIENTAL HOUSE RESTAURANT,ACTIVE,1632,RESTAURANT (0-30) SEATS HIGH RISK,2302 S LA CIENEGA BLVD,LOS ANGELES,CA,90034,001,ROUTINE INSPECTION,97,A,DA6111894,EE0001598
06/30/2026,OW0254225,"CERCA TROVA STEAKHOUSE, LP",FA0262777,OUTBACK STEAKHOUSE,PR0213579,OUTBACK STEAKHOUSE,ACTIVE,1641,RESTAURANT (151 + ) SEATS HIGH RISK,1761 N VICTORY PL,BURBANK,CA,91504,001,ROUTINE INSPECTION,100,A,DA6114549,EE0000922
06/30/2026,OW0030197,RISEN BREAD LLC,FA0043756,PANERA BREAD,PR0017391,PANERA BREAD,ACTIVE,1641,RESTAURANT (151 + ) SEATS HIGH RISK,19185 GOLDEN VALLEY RD,CANYON COUNTRY,CA,91351,001,ROUTINE INSPECTION,92,A,DA6113694,EE0001667
06/30/2026,OW0329607,PARTAKE OC 002 LLC,FA0356526,PARTAKE COLLECTIVE,PR0317597,PARTAKE COLLECTIVE - BAR/KITCHEN,ACTIVE,1632,RESTAURANT (0-30) SEATS HIGH RISK,3729 VERDUGO RD,LOS ANGELES,CA,90065,001,ROUTINE INSPECTION,100,A,DA6113038,EE0000234
06/30/2026,OW0033792,"SPILLARI, CELESTE",FA0027949,PASEO CHAPIN,PR0029614,PASEO CHAPIN,ACTIVE,1638,RESTAURANT (61-150) SEATS HIGH RISK,2220 W 7TH ST,LOS ANGELES,CA,90057,001,ROUTINE INSPECTION,91,A,DA6113836,EE0001662
06/30/2026,OW0249692,REDHEAD KITCHEN LLC,FA0257128,PASTA SISTERS,PR0206970,PASTA SISTERS,ACTIVE,1638,RESTAURANT (61-150) SEATS HIGH RISK,3280 HELMS AVE,CULVER CITY,CA,90232,001,ROUTINE INSPECTION,94,A,DA6112997,EE0001601
06/30/2026,OW0249868,PHOVORITE LLC,FA0257398,PHOVORITE,PR0207296,PHOVORITE,ACTIVE,1632,RESTAURANT (0-30) SEATS HIGH RISK,10026 VENICE BLVD,CULVER CITY,CA,90232,401,OWNER INITIATED INSPECTION,84,B,DA6112918,EE0001601
06/30/2026,OW0326566,"HUA ZHI LONG, INC",FA0352878,PIXIU MALA HONGTANG,PR0313684,IXIU MALA HONGTANG,ACTIVE,1635,RESTAURANT (31-60) SEATS HIGH RISK,425 S WESTERN AVE STE E,LOS ANGELES,CA,90020,001,ROUTINE INSPECTION,97,A,DA6112916,EE0001520
06/30/2026,OW0268682,PEDRO MARTINEZ FLORES,FA0280047,PIZZA USA,PR0234604,PIZZA USA,ACTIVE,1631,RESTAURANT (0-30) SEATS MODERATE RISK,10220 ALONDRA BLVD,BELLFLOWER,CA,90706,001,ROUTINE INSPECTION,92,A,DA6116996,EE0001507
06/30/2026,OW0024101,"MEJIA, MARIA ISABEL",FA0028696,PLACITA CAFE,PR0025559,PLACITA CAFE,ACTIVE,1631,RESTAURANT (0-30) SEATS MODERATE RISK,711 N MAIN ST STE #105,LOS ANGELES,CA,90012,001,ROUTINE INSPECTION,90,A,DA6111780,EE0001636
06/30/2026,OW0300672,DELITALY,FA0324180,POTATO CHIPS DELI,PR0283943,POTATO CHIPS DELI,ACTIVE,1631,RESTAURANT (0-30) SEATS MODERATE RISK,1111 N FAIRFAX AVE 108,LOS ANGELES,CA,90046,001,ROUTINE INSPECTION,94,A,DA6114022,EE0001660
06/30/2026,OW0028997,PRESSED JUICERY INC,FA0223950,PRESSED JUICERY,PR0179110,PRESSED JUICERY - THE GROVE,ACTIVE,1631,RESTAURANT (0-30) SEATS MODERATE RISK,189 THE GROVE DR # K4,LOS ANGELES,CA,90036,001,ROUTINE INSPECTION,96,A,DA6112188,EE0001632
06/30/2026,OW0262437,MARIA MARTINEZ,FA0272765,PUPUSERIA RIO LEMPA,PR0225645,PUPUSERIA RIO LEMPA,ACTIVE,1635,RESTAURANT (31-60) SEATS HIGH RISK,2630 SATURN AVE,HUNTINGTON PARK,CA,90255,401,OWNER INITIATED INSPECTION,91,A,DA6113299,EE0001508
06/30/2026,OW0304664,REC LA LLC,FA0329077,RAMEN AKIRA,PR0289205,RAMEN AKIRA,ACTIVE,1632,RESTAURANT (0-30) SEATS HIGH RISK,2716 W OLYMPIC BLVD STE 101,LOS ANGELES,CA,90006,001,ROUTINE INSPECTION,93,A,DA6114208,EE0001591
06/30/2026,OW0030965,"RUELAS, ANDRES",FA0045455,RASPADO XPRESS,PR0046868,RASPADO XPRESS,ACTIVE,1631,RESTAURANT (0-30) SEATS MODERATE RISK,3052 E FLORENCE AVE,HUNTINGTON PARK,CA,90255,001,ROUTINE INSPECTION,91,A,DA6111850,EE0001219
06/30/2026,OW0003880,"BANGBOR, KHUNHATAI",FA0046802,ROONG-FAH RESTAURANT,PR0030717,ROONG-FAH RESTAURANT,ACTIVE,1635,RESTAURANT (31-60) SEATS HIGH RISK,4507 E VALLEY BLVD STE #101,LOS ANGELES,CA,90032,001,ROUTINE INSPECTION,77,C,DA6114327,EE0001587
06/30/2026,OW0260353,AMNART SARARAK,FA0270314,ROYAL'S TASTE,PR0222890,ROYAL'S TASTE,ACTIVE,1632,RESTAURANT (0-30) SEATS HIGH RISK,14232 BELLFLOWER BLVD,BELLFLOWER,CA,90706,001,ROUTINE INSPECTION,82,B,DA6118306,EE0001477
06/30/2026,OW0031994,"SCO, LLC SHAKEY'S PIZZA",FA0070342,SHAKEY'S PIZZA PARLOR,PR0040554,SHAKEY'S PIZZA,ACTIVE,1640,RESTAURANT (151 + ) SEATS MODERATE RISK,9290 E WHITTIER BLVD,PICO RIVERA,CA,90660,001,ROUTINE INSPECTION,92,A,DA6112542,EE0001482
06/30/2026,OW0329850,GRAFTON STREET BOTTLE SHOP LLC,FA0356805,SHIM SHAM,PR0317896,SHIM SHAM,ACTIVE,1633,RESTAURANT (31-60) SEATS LOW RISK,3123 BEVERLY BLVD,LOS ANGELES,CA,90057,001,ROUTINE INSPECTION,92,A,DA6111897,EE0001642
06/30/2026,OW0303017,CHARM BENJARONG GROUP,FA0327059,SILVER SPOONS THAI BBQ HOUSE,PR0287017,SILVER SPOONS THAI BBQ HOUSE,ACTIVE,1635,RESTAURANT (31-60) SEATS HIGH RISK,233 GENTLE SPRINGS LN,DIAMOND BAR,CA,91765,001,ROUTINE INSPECTION,81,B,DA6112666,EE0001285
06/30/2026,OW0027090,P M K INC,FA0033302,SIMPLY WHOLESOME,PR0041686,SIMPLY WHOLESOME,ACTIVE,1635,RESTAURANT (31-60) SEATS HIGH RISK,4508 W SLAUSON AVE,LOS ANGELES,CA,90043,001,ROUTINE INSPECTION,90,A,DA6113063,EE0001564
06/30/2026,OW0018662,"KEELING,PERCELL M",FA0048571,SIMPLY WHOLESOME,PR0019571,SIMPLY WHOLESOME,ACTIVE,1611,"FOOD MKT RETAIL (1-1,999 SF) MODERATE RISK",4508 W SLAUSON AVE,LOS ANGELES,CA,90043,001,ROUTINE INSPECTION,98,A,DA6113093,EE0001564
06/30/2026,OW0022855,MAGIC MOUNTAIN LLC,FA0170678,SIX FLAGS MAGIC MOUNTAIN & SIX FLAGS HURRICANE HARBOR,PR0023178,PLAZA CAFE,ACTIVE,1631,RESTAURANT (0-30) SEATS MODERATE RISK,26101 MAGIC MOUNTAIN PKWY,VALENCIA,CA,91355,001,ROUTINE INSPECTION,96,A,DA6115627,EE0000045
06/30/2026,OW0033212,SMART & FINAL STORES LLC,FA0239181,SMART & FINAL #735,PR0187145,SMART & FINAL #735 - KITCHEN AND MEAT DEPT,ACTIVE,1612,"FOOD MKT RETAIL (1-1,999 SF) HIGH RISK",1833 S LA CIENEGA BLVD,LOS ANGELES,CA,90035,001,ROUTINE INSPECTION,98,A,DA6112056,EE0001598
06/30/2026,OW0034037,"STONE OVEN SHO, INC",FA0048989,STONE OWEN REMOTE PREP,PR0020064,STONE OWEN REMOTE PREP,ACTIVE,1631,RESTAURANT (0-30) SEATS MODERATE RISK,14006 RIVERSIDE DR STE 273,SHERMAN OAKS,CA,91423,001,ROUTINE INSPECTION,97,A,DA6113290,EE0000707
06/30/2026,OW0034484,SUPER TOCHAL INC,FA0071465,SUPER TOCHAL,PR0018491,SUPER TOCHAL,ACTIVE,1612,"FOOD MKT RETAIL (1-1,999 SF) HIGH RISK",1418 WESTWOOD BLVD,LOS ANGELES,CA,90024,001,ROUTINE INSPECTION,95,A,DA6112881,EE0001478
06/30/2026,OW0327363,SWEET ETHANS LLC,FA0353801,SWEET ETHAN CANDY CAFE,PR0314660,SWEET ETHAN CANDY CAFE,ACTIVE,1630,RESTAURANT (0-30) SEATS LOW RISK,1 N INDIAN HILL BLVD,CLAREMONT,CA,92717,001,ROUTINE INSPECTION,94,A,DA6112735,EE0001378
06/30/2026,OW0302242,SWEETFIN BEVERLY HILLS LLC,FA0326159,SWEETFIN,PR0286032,SWEETFIN,ACTIVE,1632,RESTAURANT (0-30) SEATS HIGH RISK,193 1/2 S BEVERLY DR,BEVERLY HILLS,CA,90212,001,ROUTINE INSPECTION,97,A,DA6113107,EE0001658
06/30/2026,OW0326098,"T'AN CAFE, INC",FA0352331,"T'AN CAFE, INC",PR0313086,"T'AN CAFE, INC",ACTIVE,1632,RESTAURANT (0-30) SEATS HIGH RISK,14214 BELLFLOWER BLVD,BELLFLOWER,CA,90706,001,ROUTINE INSPECTION,94,A,DA6118323,EE0001477
06/30/2026,OW0286470,LETICIA GARCIA,FA0304001,TACOS LA OPCION MEXICAN GRILL,PR0261841,TACOS LA OPCION MEXICAN GRILL,ACTIVE,1632,RESTAURANT (0-30) SEATS HIGH RISK,13322 W WASHINGTON BLVD,LOS ANGELES,CA,90066,001,ROUTINE INSPECTION,97,A,DA6113323,EE0001430
06/30/2026,OW0329140,TR808 LLC,FA0355917,THAI BBQ HOLLYWOOD,PR0316921,THAI BBQ HOLLYWOOD,ACTIVE,1635,RESTAURANT (31-60) SEATS HIGH RISK,5324 HOLLYWOOD BLVD,LOS ANGELES,CA,90027,001,ROUTINE INSPECTION,81,B,DA6111787,EE0001642
06/30/2026,OW0023976,MCNAMARA INVESTMENT,FA0051588,THAI ORIGINAL BBQ,PR0022881,THAI ORIGINAL BBQ,ACTIVE,1638,RESTAURANT (61-150) SEATS HIGH RISK,4055 W 3RD ST,LOS ANGELES,CA,90020,001,ROUTINE INSPECTION,89,B,DA6111988,EE0001562
06/30/2026,OW0365932,WASSEF & MANSOUR LLC,FA0401386,THE CRAFTSMAN BREWS & BITES,PR0368245,THE CRAFTSMAN BREWS & BITES,ACTIVE,1635,RESTAURANT (31-60) SEATS HIGH RISK,1817 S CATALINA AVE,REDONDO BEACH,CA,90277,001,ROUTINE INSPECTION,94,A,DA6112600,EE0000486
06/30/2026,OW0236966,"THE HISTORIC BAR, INC",FA0240961,THE EDMON HISTORIC BAR,PR0189023,THE EDMON HISTORIC BAR,ACTIVE,1638,RESTAURANT (61-150) SEATS HIGH RISK,5168 MELROSE AVE,LOS ANGELES,CA,90038,001,ROUTINE INSPECTION,95,A,DA6113148,EE0001597
06/30/2026,OW0130200,GABRIELA HERNANDEZ,FA0167126,THE INDUSTRY BAR,PR0157476,THE INDUSTRY BAR,ACTIVE,1631,RESTAURANT (0-30) SEATS MODERATE RISK,15323 GALE AVE,INDUSTRY,CA,91745,001,ROUTINE INSPECTION,95,A,DA6112099,EE0001499
06/30/2026,OW0236259,SEONG KYONG,FA0240096,THE KIM BAP,PR0188102,THE KIM BAP,ACTIVE,1635,RESTAURANT (31-60) SEATS HIGH RISK,400 S WESTERN AVE # 102,LOS ANGELES,CA,90020,001,ROUTINE INSPECTION,94,A,DA6111623,EE0001520
06/30/2026,OW0032291,SETIAN RAFFY,FA0052069,THE LAHMAJUNE FACTORY,PR0046387,THE LAHMAJUNE FACTORY,ACTIVE,1631,RESTAURANT (0-30) SEATS MODERATE RISK,1139 E BROADWAY,GLENDALE,CA,91205,001,ROUTINE INSPECTION,100,A,DA6112570,EE0000424
06/30/2026,OW0287460,LIFE WORKS DBA ARAMARK,FA0305260,THE ORCHARD CAFE,PR0263217,THE ORCHARD CAFE,ACTIVE,1635,RESTAURANT (31-60) SEATS HIGH RISK,11444 W OLYMPIC BLVD,LOS ANGELES,CA,90036,001,ROUTINE INSPECTION,90,A,DA6114103,EE0001321
06/30/2026,OW0295861,PINEDA DIAZ INC,FA0317554,TIPICOS MARTHA,PR0276676,TIPICOS MARTHA,ACTIVE,1632,RESTAURANT (0-30) SEATS HIGH RISK,2220 E PALMDALE BLVD STE E,PALMDALE,CA,93550,001,ROUTINE INSPECTION,92,A,DA6111723,EE0001442
06/30/2026,OW0254666,TITYA CHEA,FA0263325,TOP DONUT,PR0214227,TOP DONUT,ACTIVE,1631,RESTAURANT (0-30) SEATS MODERATE RISK,10990 LOWER AZUSA RD STE 18,EL MONTE,CA,91731,001,ROUTINE INSPECTION,97,A,DA6111985,EE0001480
06/30/2026,OW0033351,"SODEXO AMERICA, LLC",FA0307185,TRES HABANEROS,PR0265344,TRES HABANEROS,ACTIVE,1635,RESTAURANT (31-60) SEATS HIGH RISK,12401 WASHINGTON BLVD,WHITTIER,CA,90602,001,ROUTINE INSPECTION,98,A,DA6112069,EE0000392
06/30/2026,OW0298852,BINGDOA,FA0321570,UMAMI BISTRO,PR0281222,UMAMI BISTRO,ACTIVE,1631,RESTAURANT (0-30) SEATS MODERATE RISK,19745 COLIMA RD #2,ROWLAND HEIGHTS,CA,91748,001,ROUTINE INSPECTION,82,B,DA6112863,EE0001288
06/30/2026,OW0290370,UNINCORPORATED COFFEE ROASTERS,FA0319437,UNINCORPORATED COFFEE ROASTERS,PR0278960,UNICORPORATED COFFEE ROASTERS,ACTIVE,1631,RESTAURANT (0-30) SEATS MODERATE RISK,3045 LINCOLN AVE,ALTADENA,CA,91001,001,ROUTINE INSPECTION,98,A,DA6113489,EE0000242
06/30/2026,OW0277329,"METTA GROUP, LLC",FA0292591,VARIABLE CAFE,PR0248641,VARIABLE CAFE,ACTIVE,1631,RESTAURANT (0-30) SEATS MODERATE RISK,13350 W WASHINGTON BLVD,LOS ANGELES,CA,90066,001,ROUTINE INSPECTION,96,A,DA6113505,EE0001430
06/30/2026,OW0366597,VUI VE NOHO LLC,FA0402161,VUI VE,PR0369150,VUI VE,ACTIVE,1635,RESTAURANT (31-60) SEATS HIGH RISK,11040 MAGNOLIA BLVD,NORTH HOLLYWOOD,CA,91601,001,ROUTINE INSPECTION,93,A,DA6112411,EE0000516
06/30/2026,OW0248895,WKS FROSTY CORPORATION,FA0256138,WENDY'S #88240,PR0205902,WENDY'S #88240,ACTIVE,1637,RESTAURANT (61-150) SEATS MODERATE RISK,1575 N VICTORY PL,BURBANK,CA,91502,001,ROUTINE INSPECTION,96,A,DA6114589,EE0000922
06/30/2026,OW0117319,"WETZEL PRETZEL, LLC",FA0224536,WETZEL'S PRETZELS,PR0179776,WETZEL'S PRETZELS,ACTIVE,1631,RESTAURANT (0-30) SEATS MODERATE RISK,101 THE GROVE DR,LOS ANGELES,CA,90036,001,ROUTINE INSPECTION,96,A,DA6112220,EE0001632
06/30/2026,OW0365571,AVETISYAN ENTERPRISES INC,FA0400989,WHATA PEACH,PR0367793,WHATA PEACH,ACTIVE,1631,RESTAURANT (0-30) SEATS MODERATE RISK,453 S GLENOAKS BLVD,BURBANK,CA,91502,001,ROUTINE INSPECTION,98,A,DA6112287,EE0001237
06/30/2026,OW0040037,YUM YUM DONUT SHOPS INC,FA0136879,WINCHELL'S DONUT HOUSE #9889,PR0120884,WINCHELL'S DONUTS,ACTIVE,1631,RESTAURANT (0-30) SEATS MODERATE RISK,6101 PACIFIC BLVD,HUNTINGTON PARK,CA,90255,001,ROUTINE INSPECTION,76,C,DA6111965,EE0001573
06/30/2026,OW0039320,WSONE-55 INC,FA0074103,WINGSTOP #458,PR0016355,WINGSTOP #W0458,ACTIVE,1631,RESTAURANT (0-30) SEATS MODERATE RISK,6734 SEPULVEDA BLVD,VAN NUYS,CA,91411,001,ROUTINE INSPECTION,90,A,DA6113977,EE0000801
06/30/2026,OW0291771,WOLFGANG PUCK CATERING EVENTS,FA0311046,WOLFGANG PUCK CATERING CU01 E-BAR,PR0269632,WOLFGANG PUCK CATERING CU01 E-BAR,ACTIVE,1630,RESTAURANT (0-30) SEATS LOW RISK,8550 HIGUERA ST,CULVER CITY,CA,90232,001,ROUTINE INSPECTION,95,A,DA6111836,EE0001164
06/30/2026,OW0291771,WOLFGANG PUCK CATERING EVENTS,FA0310990,WOLFGANG PUCK CATERING CU02 CAFE,PR0269595,WOLFGANG PUCK CATERING CU02 CAFE,ACTIVE,1635,RESTAURANT (31-60) SEATS HIGH RISK,8600 HAYDEN PL,CULVER CITY,CA,90232,001,ROUTINE INSPECTION,95,A,DA6111821,EE0001164
06/30/2026,OW0006817,CG YOGURT LLC,FA0240038,YOGURTLAND,PR0188041,YOGURTLAND,ACTIVE,1631,RESTAURANT (0-30) SEATS MODERATE RISK,6021 PACIFIC BLVD # 101,HUNTINGTON PARK,CA,90255,001,ROUTINE INSPECTION,95,A,DA6111683,EE0001503
06/30/2026,OW0266958,"ZHENGYALOV HATZ, INC",FA0277968,ZHENGYALOV HATZ,PR0231923,ZHENGYALOV HATZ,ACTIVE,1631,RESTAURANT (0-30) SEATS MODERATE RISK,318 E BROADWAY,GLENDALE,CA,91203,001,ROUTINE INSPECTION,90,A,DA6113572,EE0001432
06/29/2026,OW0262204,"7 LEAVES DOWNEY, LLC",FA0272494,7 LEAVES CAFE,PR0225354,7 LEAVES CAFE,ACTIVE,1634,RESTAURANT (31-60) SEATS MODERATE RISK,8901 APOLLO WAY # 48,DOWNEY,CA,90242,401,OWNER INITIATED INSPECTION,98,A,DA6107304,EE0001261
06/29/2026,OW0275617,AA HAWAIIAN BBQ,FA0290377,AA HAWAIIAN BBQ,PR0246022,AA HAWAIIAN BBQ,ACTIVE,1632,RESTAURANT (0-30) SEATS HIGH RISK,4635 E AVENUE S # C105,PALMDALE,CA,93552,001,ROUTINE INSPECTION,90,A,DA6107350,EE0001537
06/29/2026,OW0002865,APPLE SOCAL LLC,FA0137886,APPLEBEE'S NEIGHBORHOOD GRILL & BAR,PR0122081,APPLEBEE'S NEIGHBORHOOD GRILL & BAR,ACTIVE,1641,RESTAURANT (151 + ) SEATS HIGH RISK,899 E SPRING ST,SIGNAL HILL,CA,90755,001,ROUTINE INSPECTION,98,A,DA6108254,EE0001507
06/29/2026,OW0003977,BARNES & NOBLE BOOKSELLERS INC,FA0008423,BARNES & NOBLE #2303,PR0005248,BARNES & NOBLE #2303,ACTIVE,1630,RESTAURANT (0-30) SEATS LOW RISK,210 AMERICANA WAY,GLENDALE,CA,91210,001,ROUTINE INSPECTION,95,A,DA6109471,EE0000581
06/29/2026,OW0273378,"BEARD PAPA'S 218, INC",FA0287627,BEARD PAPA'S,PR0242922,BEARD PAPA'S,ACTIVE,1631,RESTAURANT (0-30) SEATS MODERATE RISK,2130 SAWTELLE BLVD STE 110,LOS ANGELES,CA,90025,001,ROUTINE INSPECTION,96,A,DA6108244,EE0001565
06/29/2026,OW0007966,"CHUI, AUDREY",FA0008908,BENTO YA,PR0023926,BENTO YA,ACTIVE,1632,RESTAURANT (0-30) SEATS HIGH RISK,317 S BROADWAY #D-8,LOS ANGELES,CA,90013,001,ROUTINE INSPECTION,90,A,DA6109660,EE0001663
06/29/2026,OW0004774,"BLACK BEAR DINER DAVIS, INC",FA0009834,BLACK BEAR DINER,PR0044808,BLACK BEAR DINER,ACTIVE,1638,RESTAURANT (61-150) SEATS HIGH RISK,1898 E WILLOW ST,SIGNAL HILL,CA,90755,001,ROUTINE INSPECTION,89,B,DA6108040,EE0001507
06/29/2026,OW0306559,"GARVEY AVE EATERY, INC",FA0331325,BMC PHO,PR0291606,BMCPHO,ACTIVE,1638,RESTAURANT (61-150) SEATS HIGH RISK,745 E GARVEY AVE #101,MONTEREY PARK,CA,91755,001,ROUTINE INSPECTION,80,B,DA6107625,EE0001534
06/29/2026,OW0004910,"BOBA BEAR, LLC",FA0058509,BOBA BEAR,PR0032470,BOBA BEAR,ACTIVE,1634,RESTAURANT (31-60) SEATS MODERATE RISK,414 S WESTERN AVE STE #C,LOS ANGELES,CA,90020,001,ROUTINE INSPECTION,94,A,DA6109203,EE0001657
06/29/2026,OW0004611,B-FOUR CORP,FA0070151,BOBO'S HAMBURGERS,PR0007484,BOBO'S HAMBURGERS,ACTIVE,1635,RESTAURANT (31-60) SEATS HIGH RISK,2709 FIRESTONE BLVD,SOUTH GATE,CA,90280,001,ROUTINE INSPECTION,97,A,DA6107761,EE0001219
06/29/2026,OW0262475,LANDON & GENE INC,FA0272809,BONJUK & BIBIMBAB CAFE,PR0225692,BONJUK & BIBIMBAB CAFE,ACTIVE,1632,RESTAURANT (0-30) SEATS HIGH RISK,1744 S NOGALES ST STE B,ROWLAND HEIGHTS,CA,91748,001,ROUTINE INSPECTION,91,A,DA6108558,EE0001431
06/29/2026,OW0033769,"SPEAR,ALAN D",FA0058637,BRASS MONKEY INC,PR0014865,BRASS MONKEY INC,ACTIVE,1638,RESTAURANT (61-150) SEATS HIGH RISK,659 S MARIPOSA AVE,LOS ANGELES,CA,90010,001,ROUTINE INSPECTION,95,A,DA6108064,EE0001591
06/29/2026,OW0005296,BRISTOL FARMS,FA0058686,BRISTOL FARMS,PR0023192,BRISTOL FARMS-MEAT & SEAFOOD DEPT,ACTIVE,1612,"FOOD MKT RETAIL (1-1,999 SF) HIGH RISK",9039 BEVERLY BLVD,WEST HOLLYWOOD,CA,90048,001,ROUTINE INSPECTION,96,A,DA6110387,EE0001585
06/29/2026,OW0005296,BRISTOL FARMS,FA0058686,BRISTOL FARMS,PR0170500,BRISTOL FARMS - SUSHI DEPT,ACTIVE,1612,"FOOD MKT RETAIL (1-1,999 SF) HIGH RISK",9039 BEVERLY BLVD,WEST HOLLYWOOD,CA,90048,001,ROUTINE INSPECTION,98,A,DA6110392,EE0001585
06/29/2026,OW0005296,BRISTOL FARMS,FA0058686,BRISTOL FARMS,PR0043380,BRISTOL FARMS-DELI,ACTIVE,1632,RESTAURANT (0-30) SEATS HIGH RISK,9039 BEVERLY BLVD,WEST HOLLYWOOD,CA,90048,001,ROUTINE INSPECTION,98,A,DA6112215,EE0001585
06/29/2026,OW0021926,LISETTA MARIA INC,FA0059106,CANTALINI'S ITALIAN RESTAURA,PR0032673,CANTALINI'S ITALIAN RESTAURA,ACTIVE,1635,RESTAURANT (31-60) SEATS HIGH RISK,193 CULVER BLVD,PLAYA DEL REY,CA,90293,001,ROUTINE INSPECTION,90,A,DA6109851,EE0001590
06/29/2026,OW0029865,REDONDO BEACH MARINA GROUP,FA0012959,CAPTAIN KIDD'S FISH MARKET,PR0008019,CAPTAIN KIDD'S FISH REST,ACTIVE,1641,RESTAURANT (151 + ) SEATS HIGH RISK,209 N HARBOR DR,REDONDO BEACH,CA,90277,001,ROUTINE INSPECTION,80,B,DA6107677,EE0001299
06/29/2026,OW0029865,REDONDO BEACH MARINA GROUP,FA0012959,CAPTAIN KIDD'S FISH MARKET,PR0002340,CAPTAIN KIDD'S FISH MARKET,ACTIVE,1615,"FOOD MKT RETAIL (2,000+ SF) HIGH RISK",209 N HARBOR DR,REDONDO BEACH,CA,90277,001,ROUTINE INSPECTION,96,A,DA6107732,EE0001299
06/29/2026,OW0006172,CARL KARCHER ENTERPRISES INC,FA0059197,CARL'S JR #87,PR0017572,CARL'S JR #87,ACTIVE,1637,RESTAURANT (61-150) SEATS MODERATE RISK,501 S WESTERN AVE,LOS ANGELES,CA,90020,001,ROUTINE INSPECTION,100,A,DA6109318,EE0001657
06/29/2026,OW0330117,THE LEO RESTAURANT GROUP LLC,FA0357143,CASA LEO,PR0318276,CASA LEO,ACTIVE,1638,RESTAURANT (61-150) SEATS HIGH RISK,4500 LOS FELIZ BLVD STE C,LOS ANGELES,CA,90027,001,ROUTINE INSPECTION,95,A,DA6109065,EE0001524
06/29/2026,OW0015377,"HERNANDEZ, RAFAEL A",FA0013917,CENTINELA CAFE,PR0008308,CENTINELA CAFE,ACTIVE,1635,RESTAURANT (31-60) SEATS HIGH RISK,4800 S CENTINELA AVE,LOS ANGELES,CA,90066,001,ROUTINE INSPECTION,99,A,DA6109804,EE0001590
06/29/2026,OW0007608,"CHIPOTLE MEXICAN GRILL, INC",FA0255345,CHIPOTLE MEXICAN GRILL #2877,PR0205003,CHIPOTLE MEXICAN GRILL #2877,ACTIVE,1638,RESTAURANT (61-150) SEATS HIGH RISK,2944 W IMPERIAL HWY,INGLEWOOD,CA,90303,401,OWNER INITIATED INSPECTION,97,A,DA6110015,EE0001440
06/29/2026,OW0297008,WE ARE FAST LLC,FA0319153,CINNABON,PR0278627,CINNABON,ACTIVE,1631,RESTAURANT (0-30) SEATS MODERATE RISK,658 AMERICANA WAY,GLENDALE,CA,91210,001,ROUTINE INSPECTION,93,A,DA6109573,EE0000581
06/29/2026,OW0183821,BIG OMELETTE INC,FA0177934,CRAZY OTTO'S DINER,PR0171018,CRAZY OTTO'S DINER,ACTIVE,1638,RESTAURANT (61-150) SEATS HIGH RISK,19132 SOLEDAD CANYON RD,SANTA CLARITA,CA,91351,401,OWNER INITIATED INSPECTION,92,A,DA6107639,EE0001302
06/29/2026,OW0299320,COOKIE MONSTERS GLENDALE INC,FA0322460,CRUMBL COOKIES,PR0282146,CRUMBL COOKIES,ACTIVE,1630,RESTAURANT (0-30) SEATS LOW RISK,157 CARUSO AVE,GLENDALE,CA,91210,001,ROUTINE INSPECTION,97,A,DA6109415,EE0000581
06/29/2026,OW0274880,DREAM CURRY BOYZ,FA0289444,CURRY BOYS,PR0244845,CURRY BOYS,ACTIVE,1632,RESTAURANT (0-30) SEATS HIGH RISK,6534 PACIFIC BLVD,HUNTINGTON PARK,CA,90255,001,ROUTINE INSPECTION,90,A,DA6109198,EE0001508
06/29/2026,OW0299822,VALLEY TACO MANAGEMENT LLC,FA0323121,DEL TACO #1480,PR0282855,DEL TACO #1480,ACTIVE,1634,RESTAURANT (31-60) SEATS MODERATE RISK,11446 JEFFERSON BLVD,CULVER CITY,CA,90230,001,ROUTINE INSPECTION,90,A,DA6108529,EE0001164
06/29/2026,OW0295096,DON RICARDO BAR & GRILL INC,FA0316017,DON RICARDO'S BAR & GRILL,PR0275095,DON RICARDO'S BAR & GRILL,ACTIVE,1638,RESTAURANT (61-150) SEATS HIGH RISK,200 E FOOTHILL BLVD,ARCADIA,CA,91006,001,ROUTINE INSPECTION,94,A,DA6108031,EE0001404
06/29/2026,OW0303816,DRAGON NOODLES INC,FA0328021,DRAGON NOODLES INC,PR0288054,DRAGON NOODLES INC,ACTIVE,1632,RESTAURANT (0-30) SEATS HIGH RISK,20657 GOLDEN SPRINGS DR 104-5,DIAMOND BAR,CA,91789,001,ROUTINE INSPECTION,80,B,DA6108077,EE0001285
06/29/2026,OW0030558,"RODRIGUEZ, JOSE ANTONIO",FA0012747,EL TACO LLAMA,PR0040336,EL TACO LLAMA,ACTIVE,1632,RESTAURANT (0-30) SEATS HIGH RISK,7344 VAN NUYS BLVD STE #4,VAN NUYS,CA,91405,001,ROUTINE INSPECTION,95,A,DA6108673,EE0000138
06/29/2026,OW0331134,OSVALDO  MEDINA  CISNEROS,FA0358372,EL TORO TAQUERIA Y RESTAURANTE,PR0319624,EL TORO TAQUERIA Y RESTAURANTE,ACTIVE,1638,RESTAURANT (61-150) SEATS HIGH RISK,1306 DUARTE RD,DUARTE,CA,91010,001,ROUTINE INSPECTION,74,C,DA6108502,EE0001404
06/29/2026,OW0297771,FARID RESTAURANT CORP,FA0320120,FARID RESTAURANT,PR0279689,FARID RESTAURANT,ACTIVE,1635,RESTAURANT (31-60) SEATS HIGH RISK,635 S BROADWAY,LOS ANGELES,CA,90014,001,ROUTINE INSPECTION,91,A,DA6109361,EE0001662
06/29/2026,OW0274837,"FARM CUP COFFEE, LLC",FA0295334,FARM CUP COFFEE,PR0251827,FARM CUP COFFEE,ACTIVE,1630,RESTAURANT (0-30) SEATS LOW RISK,7748 SANTA MONICA BLVD,WEST HOLLYWOOD,CA,90046,001,ROUTINE INSPECTION,95,A,DA6108929,EE0001666
06/29/2026,OW0305717,RAMRUAY,FA0330346,FISH ON RICE,PR0290593,FISH ON RICE,ACTIVE,1632,RESTAURANT (0-30) SEATS HIGH RISK,2108 COLORADO BLVD,LOS ANGELES,CA,90041,001,ROUTINE INSPECTION,91,A,DA6107932,EE0000242
06/29/2026,OW0366251,KIMLAY TEA,FA0401766,HAPPY TIA DONUTS,PR0368700,HAPPY TIA DONUTS,ACTIVE,1632,RESTAURANT (0-30) SEATS HIGH RISK,6036 RESEDA BLVD,TARZANA,CA,91356,001,ROUTINE INSPECTION,91,A,DA6109964,EE0000801
06/29/2026,OW0261666,HIDE OUT CAFE INC,FA0271852,HIDE OUT CAFE,PR0224599,HIDE OUT CAFE,ACTIVE,1635,RESTAURANT (31-60) SEATS HIGH RISK,18888 LABIN CT STE C-106,ROWLAND HEIGHTS,CA,91748,001,ROUTINE INSPECTION,84,B,DA6108170,EE0001431
06/29/2026,OW0250297,HOAI CORP,FA0258011,HOAI CORP,PR0207979,HOAI CORP,ACTIVE,1631,RESTAURANT (0-30) SEATS MODERATE RISK,19259 E COLIMA RD,ROWLAND HEIGHTS,CA,91748,001,ROUTINE INSPECTION,97,A,DA6108083,EE0001285
06/29/2026,OW0015049,"THE H&H LOUNGE, INC",FA0063654,HOOKAH LOUNGE,PR0026859,HOOKAH LOUNGE,ACTIVE,1638,RESTAURANT (61-150) SEATS HIGH RISK,831 E COLORADO ST,GLENDALE,CA,91205,001,ROUTINE INSPECTION,90,A,DA6108446,EE0000424
06/29/2026,OW0123055,IL CAFFE INC,FA0157947,IL CAFFE,PR0146043,IL CAFFE,ACTIVE,1634,RESTAURANT (31-60) SEATS MODERATE RISK,855 S BROADWAY,LOS ANGELES,CA,90014,001,ROUTINE INSPECTION,92,A,DA6107504,EE0001539
06/29/2026,OW0017276,"JACK IN THE BOX PROPERTIES, LLC",FA0064113,JACK IN THE BOX #155,PR0032419,JACK IN THE BOX #155,ACTIVE,1634,RESTAURANT (31-60) SEATS MODERATE RISK,2601 E SLAUSON AVE,HUNTINGTON PARK,CA,90255,001,ROUTINE INSPECTION,95,A,DA6109165,EE0001508
06/29/2026,OW0023991,MDDJ FOUR SQUARE LLC,FA0048514,JIM + JAMES,PR0025533,SQUARE ONE DINING,ACTIVE,1638,RESTAURANT (61-150) SEATS HIGH RISK,4854 FOUNTAIN AVE,LOS ANGELES,CA,90029,001,ROUTINE INSPECTION,95,A,DA6109033,EE0001524
06/29/2026,OW0263734,HOON LEE,FA0274249,JINZA TERIYAKI,PR0227408,JINZA TERIYAKI,ACTIVE,1635,RESTAURANT (31-60) SEATS HIGH RISK,3425 POMONA BLVD # J,POMONA,CA,91768,001,ROUTINE INSPECTION,90,A,DA6108074,EE0001285
06/29/2026,OW0114927,"S & Y MANAGEMENT CO, INC",FA0149345,KAZAMA SUSHI,PR0135453,KAZAMA SUSHI,ACTIVE,1635,RESTAURANT (31-60) SEATS HIGH RISK,101 N INDIAN HILL BLVD C 1 104 A,CLAREMONT,CA,91711,001,ROUTINE INSPECTION,86,B,DA6108646,EE0001378
06/29/2026,OW0279223,"PNY INVESTMENT, INC",FA0294879,KYODONG ROWLAND HEIGHTS,PR0251314,KYODONG ROWLAND HEIGHTS,ACTIVE,1635,RESTAURANT (31-60) SEATS HIGH RISK,18755 COLIMA RD,ROWLAND HEIGHTS,CA,91748,001,ROUTINE INSPECTION,84,B,DA6108476,EE0001431
06/29/2026,OW0020204,L & E EASTSIDE LLC,FA0032764,L & E,PR0042645,L & E,ACTIVE,1635,RESTAURANT (31-60) SEATS HIGH RISK,1637 SILVER LAKE BLVD,LOS ANGELES,CA,90026,001,ROUTINE INSPECTION,96,A,DA6109010,EE0001524
06/29/2026,OW0294523,LA CABANITA DE DON CHEPE INC,FA0315119,LA CABANITA DE DON CHEPE,PR0274111,LA CABANITA DE DON CHEPE,ACTIVE,1635,RESTAURANT (31-60) SEATS HIGH RISK,11562 VANOWEN ST,NORTH HOLLYWOOD,CA,91605,401,OWNER INITIATED INSPECTION,99,A,DA6108129,EE0001006
06/29/2026,OW0244005,"LA COLOMBE TORREFACTION, INC",FA0249796,LA COLOMBE,PR0198598,LA COLOMBE,ACTIVE,1631,RESTAURANT (0-30) SEATS MODERATE RISK,9606 SANTA MONICA BLVD,BEVERLY HILLS,CA,90210,001,ROUTINE INSPECTION,94,A,DA6109901,EE0001658
06/29/2026,OW0024798,"MONARCA, INC",FA0033474,LA MONARCA BAKERY,PR0006969,LA MONARCA BAKER,ACTIVE,1631,RESTAURANT (0-30) SEATS MODERATE RISK,1300 WILSHIRE BLVD,SANTA MONICA,CA,90403,401,OWNER INITIATED INSPECTION,93,A,DA6109652,EE0001574
06/29/2026,OW0285811,ROSA MARIA MORA PEREZ,FA0303145,LAS BORREGUITAS EXPRESS BAR,PR0260853,LAS BORREGUITAS EXPRESS BAR,ACTIVE,1638,RESTAURANT (61-150) SEATS HIGH RISK,987 S GAREY AVE,POMONA,CA,91766,401,OWNER INITIATED INSPECTION,93,A,DA6108297,EE0001561
06/29/2026,OW0024589,"MIRANDA,JOSE J",FA0034548,LAX TACOS,PR0023019,LAX TACOS,ACTIVE,1635,RESTAURANT (31-60) SEATS HIGH RISK,2701 E FIRESTONE BLVD STE P,SOUTH GATE,CA,90280,001,ROUTINE INSPECTION,90,A,DA6107665,EE0001219
06/29/2026,OW0022237,LORENA'S MEXICAN RESTAURANT,FA0037052,LORENA'S MEXICAN RESTAURANT,PR0008860,LORENA'S MEXICAN RESTAURANT,ACTIVE,1635,RESTAURANT (31-60) SEATS HIGH RISK,3615 MONTEREY AVE,EL MONTE,CA,91731,001,ROUTINE INSPECTION,96,A,DA6108531,EE0001480
06/29/2026,OW0244247,"MACRO FIT, LLC",FA0250074,MACRO FIT MEAL PREPPING,PR0198907,MACRO FIT MEAL PREPPING,ACTIVE,1632,RESTAURANT (0-30) SEATS HIGH RISK,9849 ATLANTIC AVE STE M,SOUTH GATE,CA,90280,001,ROUTINE INSPECTION,91,A,DA6109068,EE0001477
06/29/2026,OW0020638,OPERA PARIS INC,FA0038624,MARIE'S COFFEE AND DELI,PR0019365,MARIE'S COFFEE AND DELI,ACTIVE,1634,RESTAURANT (31-60) SEATS MODERATE RISK,731 W 7TH ST,LOS ANGELES,CA,90017,001,ROUTINE INSPECTION,98,A,DA6107534,EE0001539
06/29/2026,OW0290298,MARISCOS CORONA,FA0308988,MARISCOS CORONA RESTAURANT,PR0267400,MARISCOS CORONA RESTAURANT,ACTIVE,1632,RESTAURANT (0-30) SEATS HIGH RISK,14901 SHERMAN WAY,VAN NUYS,CA,91405,001,ROUTINE INSPECTION,97,A,DA6108702,EE0000138
06/29/2026,OW0292526,MARISCOS ISLA AZUL REST INC,FA0311809,MARISCOS ISLA AZUL RESTAURANT,PR0270460,MARISCOS ISLA AZUL RESTAURANT,ACTIVE,1635,RESTAURANT (31-60) SEATS HIGH RISK,7344 VAN NUYS BLVD STE 8,VAN NUYS,CA,91405,001,ROUTINE INSPECTION,96,A,DA6108811,EE0000138
06/29/2026,OW0024831,MONKEE'S TERIYAKI INC,FA0040093,MONKEE'S TERITAKI,PR0020913,MONKEE'S TERITAKI,ACTIVE,1632,RESTAURANT (0-30) SEATS HIGH RISK,1801 OCEAN FRONT WALK,VENICE,CA,90291,001,ROUTINE INSPECTION,93,A,DA6109256,EE0001430
06/29/2026,OW0329484,MR. POTATOES LLC,FA0356347,MR.POTATOES LLC,PR0317401,MR.POTATOES LLC,ACTIVE,1632,RESTAURANT (0-30) SEATS HIGH RISK,12734 CRENSHAW BLVD,HAWTHORNE,CA,90250,001,ROUTINE INSPECTION,71,C,DA6109599,EE0001661
06/29/2026,OW0262129,MUDDY PAW COFFEE COMPANY,FA0272398,MUDDY PAW COFFEE COMPANY,PR0225223,MUDDY PAW COFFEE COMPANY,ACTIVE,1630,RESTAURANT (0-30) SEATS LOW RISK,4610 EAGLE ROCK BLVD,LOS ANGELES,CA,90041,001,ROUTINE INSPECTION,95,A,DA6107695,EE0000242
06/29/2026,OW0127033,NICHOLAS TEJEDA,FA0163424,NEIGHBORHOOD CAFE,PR0151639,NEIGHBORHOOD CAFE,ACTIVE,1631,RESTAURANT (0-30) SEATS MODERATE RISK,9464 CHARLEVILLE BLVD,BEVERLY HILLS,CA,90212,001,ROUTINE INSPECTION,84,B,DA6109137,EE0001660
06/29/2026,OW0297541,CRAZY ABALONE INC,FA0319818,OKAWA SUSHI & RAMEN,PR0279379,OKAWA SUSHI & RAMEN,ACTIVE,1634,RESTAURANT (31-60) SEATS MODERATE RISK,25870 MCBEAN PKWY,SANTA CLARITA,CA,91355,001,ROUTINE INSPECTION,82,B,DA6108965,EE0001667
06/29/2026,OW0027458,PANDA EXPRESS CORPORATION,FA0043065,PANDA EXPRESS # 1419,PR0009440,PANDA EXPRESSD # 1419,ACTIVE,1635,RESTAURANT (31-60) SEATS HIGH RISK,14445 BURBANK BLVD,VAN NUYS,CA,91401,001,ROUTINE INSPECTION,98,A,DA6108733,EE0000707
06/29/2026,OW0027458,PANDA EXPRESS CORPORATION,FA0043720,PANDA EXPRESS #1279,PR0012407,PANDA EXPRESS #1279,ACTIVE,1635,RESTAURANT (31-60) SEATS HIGH RISK,2187 W ROSECRANS AVE,COMPTON,CA,90220,401,OWNER INITIATED INSPECTION,99,A,DA6107883,EE0001299
06/29/2026,OW0027458,PANDA EXPRESS CORPORATION,FA0043103,PANDA EXPRESS #877,PR0005847,PANDA EXPRESS #877,ACTIVE,1638,RESTAURANT (61-150) SEATS HIGH RISK,558 N GRAND AVE,WALNUT,CA,91789,001,ROUTINE INSPECTION,87,B,DA6108785,EE0001378
06/29/2026,OW0186069,RUI MAO INC,FA0180723,PANDA GARDEN,PR0174523,PANDA GARDEN,ACTIVE,1632,RESTAURANT (0-30) SEATS HIGH RISK,5939 STATE ST,HUNTINGTON PARK,CA,90255,401,OWNER INITIATED INSPECTION,91,A,DA6109185,EE0001508
06/29/2026,OW0328471,"PARADIS GROUP USA, LLC",FA0355086,PARADIS,PR0315997,PARADIS,ACTIVE,1631,RESTAURANT (0-30) SEATS MODERATE RISK,700 S SPRING ST,LOS ANGELES,CA,90014,001,ROUTINE INSPECTION,98,A,DA6107516,EE0001539
06/29/2026,OW0102062,XIANSHU SHEN,FA0138750,PEKING DUMPLING,PR0123112,PEKING DUMPLING,ACTIVE,1632,RESTAURANT (0-30) SEATS HIGH RISK,2740 W OLYMPIC BLVD,LOS ANGELES,CA,90006,001,ROUTINE INSPECTION,93,A,DA6109147,EE0001591
06/29/2026,OW0031956,SCHIFF ENTERPRISES LLC,FA0028341,PHILLY'S BEST,PR0041944,PHILLY'S BEST,ACTIVE,1635,RESTAURANT (31-60) SEATS HIGH RISK,1419 W OLIVE AVE,BURBANK,CA,91506,001,ROUTINE INSPECTION,95,A,DA6107950,EE0000391
06/29/2026,OW0299412,POP OF CULVER CITY INC,FA0322582,POPEYES LOUISIANA KITCHEN,PR0282279,POPEYES LOUISIANA KITCHEN,ACTIVE,1632,RESTAURANT (0-30) SEATS HIGH RISK,6000 SEPULVEDA BLVD,CULVER CITY,CA,90230,001,ROUTINE INSPECTION,80,B,DA6108638,EE0001164
06/29/2026,OW0128959,4-POPPCAL INC,FA0165713,POPEYES LOUISIANA KITCHEN 3314,PR0154048,POPEYES CHICKEN #3314,ACTIVE,1631,RESTAURANT (0-30) SEATS MODERATE RISK,509 HOLLYWOOD WAY,BURBANK,CA,91505,001,ROUTINE INSPECTION,99,A,DA6108339,EE0000391
06/29/2026,OW0025693,"NAVAREZ, JOVINO",FA0068997,PRONTO PIZZA,PR0013682,PRONTO PIZZA,ACTIVE,1631,RESTAURANT (0-30) SEATS MODERATE RISK,2701 FIRESTONE BLVD STE #B,SOUTH GATE,CA,90280,001,ROUTINE INSPECTION,94,A,DA6107885,EE0001219
06/29/2026,OW0274279,"LOS POZITOS, INC",FA0288723,RICOS POLLOS GRILL CHICKEN,PR0244113,RICOS POLLOS GRILL CHICKEN,ACTIVE,1632,RESTAURANT (0-30) SEATS HIGH RISK,108 E FOOTHILL BLVD,ARCADIA,CA,91006,001,ROUTINE INSPECTION,90,A,DA6107977,EE0001404
06/29/2026,OW0281607,ROE FUSION LLC,FA0297885,ROE JAPANESE FUSION,PR0254766,ROE JAPANESE FUSION,ACTIVE,1635,RESTAURANT (31-60) SEATS HIGH RISK,120 N SIERRA MADRE BLVD,SIERRA MADRE,CA,91024,001,ROUTINE INSPECTION,84,B,DA6108034,EE0001561
06/29/2026,OW0243466,WATTANA CORPORATION,FA0249168,SARAYA THAI CUISINE,PR0197875,SARAYA THAI CUISINE,ACTIVE,1635,RESTAURANT (31-60) SEATS HIGH RISK,1439 W OLIVE AVE,BURBANK,CA,91506,001,ROUTINE INSPECTION,95,A,DA6108008,EE0000391
06/29/2026,OW0277638,SEVAN MEAT AND FISH MARKET LLC,FA0292963,SEVAN MEAT AND FISH MARKET,PR0249036,SEVAN MEAT AND FISH MARKET,ACTIVE,1612,"FOOD MKT RETAIL (1-1,999 SF) HIGH RISK",1037 E BROADWAY,GLENDALE,CA,91205,001,ROUTINE INSPECTION,96,A,DA6108305,EE0000424
06/29/2026,OW0366353,SQUARE BISTRO,FA0401877,SQUARE BISTRO,PR0368819,SQUARE BISTRO,ACTIVE,1635,RESTAURANT (31-60) SEATS HIGH RISK,10012 GARVEY AVE STE 3,EL MONTE,CA,91733,001,ROUTINE INSPECTION,96,A,DA6107912,EE0001494
06/29/2026,OW0328241,REBARC FOOD LLC,FA0354824,SUBWAY #2430,PR0315715,SUBWAY #2430,ACTIVE,1631,RESTAURANT (0-30) SEATS MODERATE RISK,350 S INDIAN HILL BLVD,CLAREMONT,CA,91711,001,ROUTINE INSPECTION,98,A,DA6108599,EE0001378
06/29/2026,OW0125194,SUPERBA FB VENICE LLC,FA0160216,SUPERBA FOOD & BREAD,PR0148308,SUPERBA FOOD & BREAD,ACTIVE,1638,RESTAURANT (61-150) SEATS HIGH RISK,1900 LINCOLN BLVD,LOS ANGELES,CA,90291,001,ROUTINE INSPECTION,94,A,DA6109477,EE0001430
06/29/2026,OW0305280,SWEET CALABASAS LLC,FA0329844,SWEET LADY JANE,PR0290079,SWEET LADY JAE BAKERY,ACTIVE,1631,RESTAURANT (0-30) SEATS MODERATE RISK,23653 CALABASAS RD,CALABASAS,CA,91302,001,ROUTINE INSPECTION,93,A,DA6107948,EE0001316
06/29/2026,OW0265169,STRAIGHTEDGE COFFEE LLC,FA0275902,SYNDICATE,PR0229315,SYNDICATE,ACTIVE,1631,RESTAURANT (0-30) SEATS MODERATE RISK,18 W SIERRA MADRE BLVD # A,SIERRA MADRE,CA,91024,001,ROUTINE INSPECTION,96,A,DA6108180,EE0001561
06/29/2026,OW0002350,"ALVARADO RESTAURANT GROUP, LLC",FA0248288,TACO BELL #33621,PR0196942,TACO BELL #33621,ACTIVE,1634,RESTAURANT (31-60) SEATS MODERATE RISK,2543 E SLAUSON AVE,HUNTINGTON PARK,CA,90255,001,ROUTINE INSPECTION,97,A,DA6109176,EE0001508
06/29/2026,OW0035036,TARGET CORPORATION,FA0036546,TARGET #1306,PR0021548,STARBUCKS,ACTIVE,1633,RESTAURANT (31-60) SEATS LOW RISK,3535 S LA CIENEGA BLVD,LOS ANGELES,CA,90016,001,ROUTINE INSPECTION,95,A,DA6108384,EE0001565
06/29/2026,OW0261974,THE BURRITO EXCHANGE,FA0272220,THE BURRITO EXCHANGE,PR0225023,THE BURRITO EXCHANGE,ACTIVE,1632,RESTAURANT (0-30) SEATS HIGH RISK,8500 ROSEMEAD BLVD,PICO RIVERA,CA,90660,001,ROUTINE INSPECTION,83,B,DA6108826,EE0001482
06/29/2026,OW0236864,"UPTOWN KOOP, LLC,",FA0240841,THE CHICKEN KOOP,PR0188896,THE CHICKEN KOOP,ACTIVE,1632,RESTAURANT (0-30) SEATS HIGH RISK,12824 HADLEY ST # 106,WHITTIER,CA,90601,001,ROUTINE INSPECTION,83,B,DA6107799,EE0001494
06/29/2026,OW0303726,LOS COMPADREZ INC,FA0327890,THE MARISCO SPOT,PR0287890,THE MARISCO SPOT,ACTIVE,1635,RESTAURANT (31-60) SEATS HIGH RISK,15020 HAWTHORNE BLVD STE D,LAWNDALE,CA,90260,001,ROUTINE INSPECTION,75,C,DA6109988,EE0001440
06/29/2026,OW0366500,SSC PALMDALE OWNER LLC,FA0402049,TOWNEPLACE SUITES BY MARRIOTT PALMDALE,PR0369010,TOWNEPLACE SUITES - MARKET,ACTIVE,1610,"FOOD MKT RETAIL (1-1,999 SF) LOW RISK",39330 TRADE CENTER DR,PALMDALE,CA,93551,001,ROUTINE INSPECTION,100,A,DA6108117,EE0000549
06/29/2026,OW0036927,UNIVERSAL CITY STUDIOS LLC,FA0170909,UNIVERSAL STUDIOS HOLLYWOOD,PR0191717,MARGARITAVILLE,ACTIVE,1641,RESTAURANT (151 + ) SEATS HIGH RISK,100 UNIVERSAL CITY PLZ,UNIVERSAL CITY,CA,91608,001,ROUTINE INSPECTION,97,A,DA6109005,EE0000234
06/29/2026,OW0040037,YUM YUM DONUT SHOPS INC,FA0054839,WINCHELL'S DONUT HOUSE #9356,PR0040141,WINCHELL'S DONUT #9356,ACTIVE,1631,RESTAURANT (0-30) SEATS MODERATE RISK,7158 MELROSE AVE,LOS ANGELES,CA,90046,001,ROUTINE INSPECTION,94,A,DA6109081,EE0001666
06/29/2026,OW0305939,"FAR WEST RESTAURANT GROUP, LLC",FA0330613,WINGSTOP,PR0290871,WINGSTOP,ACTIVE,1632,RESTAURANT (0-30) SEATS HIGH RISK,8500 W OLYMPIC BLVD,LOS ANGELES,CA,90035,001,ROUTINE INSPECTION,97,A,DA6109109,EE0001660
06/29/2026,OW0326829,CLAYTON AND CASEY CORPORATION,FA0353185,YANGMANI,PR0314008,YANGMANI,ACTIVE,1638,RESTAURANT (61-150) SEATS HIGH RISK,414 S WESTERN AVE E,LOS ANGELES,CA,90020,001,ROUTINE INSPECTION,82,B,DA6108232,EE0001520
06/26/2026,OW0016382,HOST INTERNATIONAL INC,FA0138164,800 DEGREES PIZZERIA,PR0122408,800 DEGREES PIZZERIA,ACTIVE,1635,RESTAURANT (31-60) SEATS HIGH RISK,380 WORLD WAY T31,LOS ANGELES,CA,90045,001,ROUTINE INSPECTION,97,A,DA6108499,EE0000268
06/26/2026,OW0279957,WESTWOOD VILLAGE COFFEE COMPANY,FA0295836,ALFRED COFFEE,PR0252382,ALFRED COFFEE,ACTIVE,1631,RESTAURANT (0-30) SEATS MODERATE RISK,1154 WESTWOOD BLVD,LOS ANGELES,CA,90024,001,ROUTINE INSPECTION,93,A,DA6108878,EE0001321
06/26/2026,OW0101798,CATALINA ISLAND CO,FA0138462,AVALON GRILL,PR0122786,AVALON GRILL,ACTIVE,1638,RESTAURANT (61-150) SEATS HIGH RISK,423 CRESCENT ST,AVALON,CA,90704,001,ROUTINE INSPECTION,94,A,DA6103930,EE0000684
06/26/2026,OW0308630,632 WESTERN PARTNERS LP,FA0333747,BAR ETOILE,PR0294492,BAR ETOILE,ACTIVE,1632,RESTAURANT (0-30) SEATS HIGH RISK,632 N WESTERN AVE,LOS ANGELES,CA,90004,001,ROUTINE INSPECTION,99,A,DA6109616,EE0001597
06/26/2026,OW0006203,CARMELA ICE CREAM COMPANY,FA0007686,CARMELA ICE CREAM,PR0027617,CARMELA ICE CREAM,ACTIVE,1630,RESTAURANT (0-30) SEATS LOW RISK,2495 E WASHINGTON BLVD,PASADENA,CA,91104,001,ROUTINE INSPECTION,90,A,DA6104958,EE0000318
06/26/2026,OW0307989,CARNES & CORTES MEAT CO,FA0333020,CARNES & CORTES MEAT COMPANY,PR0293717,CARNES & CORTES MEAT,ACTIVE,1612,"FOOD MKT RETAIL (1-1,999 SF) HIGH RISK",860 E CARSON ST 107,CARSON,CA,90745,001,ROUTINE INSPECTION,94,A,DA6104355,EE0000897
06/26/2026,OW0278893,CEC ENTERTAINMENT LLC,FA0294511,CHUCK E CHEESE'S #355,PR0250901,CHUCK E CHEESE'S #355,ACTIVE,1640,RESTAURANT (151 + ) SEATS MODERATE RISK,25955 THE OLD RD,STEVENSON RANCH,CA,91381,001,ROUTINE INSPECTION,97,A,DA6104683,EE0001453
06/26/2026,OW0296059,"D CROISSANT PARIS, INC",FA0317951,DES CROISSANTS PARIS,PR0277090,DES CROISSANTS PARIS,ACTIVE,1631,RESTAURANT (0-30) SEATS MODERATE RISK,8539 WASHINGTON BLVD,CULVER CITY,CA,90232,001,ROUTINE INSPECTION,95,A,DA6107862,EE0001601
06/26/2026,OW0010221,DOLLAR TREE STORES INC,FA0060945,DOLLAR TREE #02017,PR0046528,DOLLAR TREE #02017,ACTIVE,1613,"FOOD MKT RETAIL (2,000+ SF) LOW RISK",11910 VALLEY BLVD,EL MONTE,CA,91732,001,ROUTINE INSPECTION,85,B,DA6108141,EE0001429
06/26/2026,OW0327714,BRANDON ARIEL GARCIA,FA0354198,EL CERDITO DE ORO,PR0315070,EL CERDITO DE ORO,ACTIVE,1630,RESTAURANT (0-30) SEATS LOW RISK,2001 S GAREY AVE D-4,POMONA,CA,91766,001,ROUTINE INSPECTION,95,A,DA6107700,EE0001266
06/26/2026,OW0303729,GSEB CORPORATION,FA0327893,FIREHOUSE SUBS,PR0287893,FIREHOUSE SUBS,ACTIVE,1631,RESTAURANT (0-30) SEATS MODERATE RISK,6171 SEPULVEDA BLVD STE A3,VAN NUYS,CA,91411,001,ROUTINE INSPECTION,94,A,DA6104477,EE0000801
06/26/2026,OW0121093,GUILLERMO FLORES & ALICIA HERNANDEZ,FA0155814,FLORES RASPADOS,PR0143262,FLORES RASPADOS,ACTIVE,1611,"FOOD MKT RETAIL (1-1,999 SF) MODERATE RISK",2121 N TOWNE AVE,POMONA,CA,91766,001,ROUTINE INSPECTION,97,A,DA6113895,EE0001481
06/26/2026,OW0258529,GLENOAKS MEAT MARKET INC,FA0268062,GLENOAKS MEAT MARKET,PR0219749,GLENOAKS MEAT MARKET,ACTIVE,1612,"FOOD MKT RETAIL (1-1,999 SF) HIGH RISK",1755 W GLENOAKS BLVD # F,GLENDALE,CA,91201,001,ROUTINE INSPECTION,96,A,DA6108175,EE0001237
06/26/2026,OW0251383,HATCH YAKITORI LP,FA0259374,HATCH YAKITORI,PR0209554,HATCH YAKITORI,ACTIVE,1638,RESTAURANT (61-150) SEATS HIGH RISK,700 S FLOWER ST # G600,LOS ANGELES,CA,90017,001,ROUTINE INSPECTION,94,A,DA6106575,EE0001662
06/26/2026,OW0268749,UPPER ECHELON FINANCIAL SV INC,FA0280126,HEALTH IS WEALTH JUICE BAR,PR0234691,HEALTH IS WEALTH JUICE BAR,ACTIVE,1631,RESTAURANT (0-30) SEATS MODERATE RISK,3531 W CENTURY BLVD,INGLEWOOD,CA,90303,001,ROUTINE INSPECTION,91,A,DA6107936,EE0001586
06/26/2026,OW0297849,HOMESTATE KITCHEN LLC,FA0320224,HOMESTATE CULVER CITY,PR0279788,HOMESTATE CULVER CITY,ACTIVE,1632,RESTAURANT (0-30) SEATS HIGH RISK,10000 WASHINGTON BLVD #104,CULVER CITY,CA,90232,001,ROUTINE INSPECTION,96,A,DA6108488,EE0001601
06/26/2026,OW0022423,"LU, WENDY",FA0063702,HOT WOK,PR0028471,HOT WOK,ACTIVE,1632,RESTAURANT (0-30) SEATS HIGH RISK,4840 LANKERSHIM BLVD,NORTH HOLLYWOOD,CA,91601,001,ROUTINE INSPECTION,91,A,DA6104414,EE0000516
06/26/2026,OW0276879,ISP2 DEL MAR LLC,FA0294329,IKE'S LOVE AND SANDWICHES,PR0250608,IKE'S LOVE AND SANDWICHES,ACTIVE,1631,RESTAURANT (0-30) SEATS MODERATE RISK,3895 OVERLAND AVE,CULVER CITY,CA,90232,001,ROUTINE INSPECTION,98,A,DA6109451,EE0001452
06/26/2026,OW0016998,"IN-N-OUT BURGERS, INC",FA0017989,IN-N-OUT BURGER #119,PR0029696,IN N OUT BURGER #119,ACTIVE,1637,RESTAURANT (61-150) SEATS MODERATE RISK,922 GAYLEY AVE,LOS ANGELES,CA,90024,001,ROUTINE INSPECTION,97,A,DA6108524,EE0001321
06/26/2026,OW0300020,"ABACUS BUSINESS CAPITAL, INC",FA0333792,ISLAND PACIFIC SUPERMARKET-MEAT AND SEAFOOD,PR0294541,ISLAND PACIFIC SUPERMARKET - MEAT AND SEAFOOD,ACTIVE,1615,"FOOD MKT RETAIL (2,000+ SF) HIGH RISK",4641 SANTA MONICA BLVD,LOS ANGELES,CA,90029,001,ROUTINE INSPECTION,100,A,DA6108207,EE0001632
06/26/2026,OW0240364,"EBS FOODS, LLC",FA0245298,JACK IN THE BOX #233,PR0193689,JACK IN THE BOX #233,ACTIVE,1637,RESTAURANT (61-150) SEATS MODERATE RISK,8605 W PICO BLVD,LOS ANGELES,CA,90035,001,ROUTINE INSPECTION,98,A,DA6106095,EE0001666
06/26/2026,OW0245604,"MONARCA FUND, I LLC",FA0251705,LA MONARCA BAKERY,PR0200883,LA MONARCA BAKERY,ACTIVE,1631,RESTAURANT (0-30) SEATS MODERATE RISK,2127 E CESAR E CHAVEZ AVE,LOS ANGELES,CA,90033,001,ROUTINE INSPECTION,84,B,DA6108818,EE0001587
06/26/2026,OW0306286,LE PHANT MILK TEA CO,FA0330991,LE PHANT MILK TEA CO,PR0291255,LE PHANT MILK TEA CO,ACTIVE,1631,RESTAURANT (0-30) SEATS MODERATE RISK,10911 LINDBROOK DR,LOS ANGELES,CA,90024,001,ROUTINE INSPECTION,95,A,DA6108856,EE0001321
06/26/2026,OW0018095,J P MGMT CORP,FA0039647,MCDONALD'S #540,PR0016722,MCDONALD'S #540,ACTIVE,1637,RESTAURANT (61-150) SEATS MODERATE RISK,2020 W BEVERLY BLVD,MONTEBELLO,CA,90640,001,ROUTINE INSPECTION,90,A,DA6107921,EE0001301
06/26/2026,OW0237035,"EASY WAY FORMULA, LLC",FA0241043,MEET FRESH,PR0189116,MEET FRESH,ACTIVE,1637,RESTAURANT (61-150) SEATS MODERATE RISK,9055 LAS TUNAS DR # 100,TEMPLE CITY,CA,91780,001,ROUTINE INSPECTION,92,A,DA6108450,EE0001594
06/26/2026,OW0331067,PERU KITCHENS  INC,FA0358288,MERKA SALTAO,PR0319534,MERKA SALTAO,ACTIVE,1632,RESTAURANT (0-30) SEATS HIGH RISK,3850 MAIN ST UNIT B,CULVER CITY,CA,90232,001,ROUTINE INSPECTION,90,A,DA6108362,EE0001601
06/26/2026,OW0277347,JARES INC,FA0292613,MI MERCADITO,PR0248667,MI MERCADITO - RESTAURANT,ACTIVE,1632,RESTAURANT (0-30) SEATS HIGH RISK,10500 S PRAIRIE AVE,INGLEWOOD,CA,90303,001,ROUTINE INSPECTION,92,A,DA6107823,EE0001586
06/26/2026,OW0277347,JARES INC,FA0292613,MI MERCADITO,PR0248665,MI MERCADITO - MEAT DEPARTMENT,ACTIVE,1612,"FOOD MKT RETAIL (1-1,999 SF) HIGH RISK",10500 S PRAIRIE AVE,INGLEWOOD,CA,90303,001,ROUTINE INSPECTION,96,A,DA6107852,EE0001586
06/26/2026,OW0277347,JARES INC,FA0292613,MI MERCADITO,PR0248666,MI MERCADITO - JUICING AREA/BAKERY AREA,ACTIVE,1611,"FOOD MKT RETAIL (1-1,999 SF) MODERATE RISK",10500 S PRAIRIE AVE,INGLEWOOD,CA,90303,001,ROUTINE INSPECTION,93,A,DA6107794,EE0001586
06/26/2026,OW0101328,"HOLLYWOOD INVESTMENTS, INC",FA0137949,MOMENT HOTEL,PR0122158,MOMENT HOTEL,ACTIVE,1632,RESTAURANT (0-30) SEATS HIGH RISK,7370 SUNSET BLVD,LOS ANGELES,CA,90046,001,ROUTINE INSPECTION,100,A,DA6108714,EE0000997
06/26/2026,OW0101328,"HOLLYWOOD INVESTMENTS, INC",FA0137949,MOMENT HOTEL,PR0228210,THE MOMENT HOTEL-ROOFTOP BAR,ACTIVE,1630,RESTAURANT (0-30) SEATS LOW RISK,7370 SUNSET BLVD,LOS ANGELES,CA,90046,001,ROUTINE INSPECTION,100,A,DA6108707,EE0000997
06/26/2026,OW0253899,MONTY'S GOOD BURGERS LLC,FA0262434,MONTY'S GOOD BURGER,PR0213185,MONTY'S GOOD BURGER,ACTIVE,1632,RESTAURANT (0-30) SEATS HIGH RISK,516 S WESTERN AVE,LOS ANGELES,CA,90020,001,ROUTINE INSPECTION,97,A,DA6109063,EE0001664
06/26/2026,OW0032044,NINE SEAFOOD LLC,FA0070227,NINE SEAFOOD,PR0008921,NINE SEAFOOD,ACTIVE,1638,RESTAURANT (61-150) SEATS HIGH RISK,11818 SOUTH ST STE #105,CERRITOS,CA,90703,001,ROUTINE INSPECTION,94,A,DA6108568,EE0000312
06/26/2026,OW0299445,PETRA GRILL LLC,FA0322621,PETRA GRILL,PR0282319,PETRA GRILL,ACTIVE,1632,RESTAURANT (0-30) SEATS HIGH RISK,657 S FLOWER ST,LOS ANGELES,CA,90017,001,ROUTINE INSPECTION,96,A,DA6106536,EE0001662
06/26/2026,OW0274707,"RAISING CANE'S RESTAURANT, LLC",FA0332729,RAISING CANE'S CHICKEN FINGERS #560,PR0293309,RAISING CANE'S CHICKEN FINGERS #560,ACTIVE,1632,RESTAURANT (0-30) SEATS HIGH RISK,4835 LANKERSHIM BLVD,NORTH HOLLYWOOD,CA,91601,001,ROUTINE INSPECTION,97,A,DA6104283,EE0000516
06/26/2026,OW0304511,RESCO FOOD SERVICES LLC,FA0328882,RESCO FOOD SERVICE,PR0289138,RESCO FOOD SERVICE,ACTIVE,1613,"FOOD MKT RETAIL (2,000+ SF) LOW RISK",17171 GALE AVE,INDUSTRY,CA,91745,001,ROUTINE INSPECTION,97,A,DA6106381,EE0000255
06/26/2026,OW0366005,ROADIE FUEL INC,FA0401478,ROADIE FUEL INC (ARCO),PR0368367,ROADIE FUEL INC (ARCO),ACTIVE,1610,"FOOD MKT RETAIL (1-1,999 SF) LOW RISK",9151 PAINTER AVE,WHITTIER,CA,90602,001,ROUTINE INSPECTION,95,A,DA6108013,EE0001429
06/26/2026,OW0257589,"SHREE INVESTMENT GROUP , LLC",FA0266915,ROBEK'S - #427,PR0218286,ROBEK'S - #427,ACTIVE,1631,RESTAURANT (0-30) SEATS MODERATE RISK,6171 N SEPULVEDA BLVD # A2,VAN NUYS,CA,91411,001,ROUTINE INSPECTION,96,A,DA6104487,EE0000801
06/26/2026,OW0366274,TIA RETAIL & MORE INC,FA0401791,RODEO SMOKE SHOP,PR0368727,RODEO SMOKE SHOP,ACTIVE,1610,"FOOD MKT RETAIL (1-1,999 SF) LOW RISK",335 E ALBERONI ST #400,CARSON,CA,90746,001,ROUTINE INSPECTION,90,A,DA6108065,EE0001502
06/26/2026,OW0280855,SAM'S BAGELS,FA0296941,SAM'S BAGELS,PR0253633,SAM'S BAGELS,ACTIVE,1631,RESTAURANT (0-30) SEATS MODERATE RISK,8762 PICO BLVD,LOS ANGELES,CA,90035,001,ROUTINE INSPECTION,96,A,DA6108292,EE0001598
06/26/2026,OW0327165,GLOSTATION CORE USA INC,FA0353566,SANDBOX VR,PR0314421,SANDBOX VR,ACTIVE,1631,RESTAURANT (0-30) SEATS MODERATE RISK,3321 LA CIENEGA BLVD D-F,LOS ANGELES,CA,90016,001,ROUTINE INSPECTION,98,A,DA6108469,EE0001598
06/26/2026,OW0282209,AIK PIZZA LLC,FA0298635,SBARRO,PR0255630,SBARRO,ACTIVE,1632,RESTAURANT (0-30) SEATS HIGH RISK,9301 TAMPA AVE,NORTHRIDGE,CA,91324,001,ROUTINE INSPECTION,99,A,DA6104938,EE0000207
06/26/2026,OW0031845,SASSFA,FA0032427,SENIOR CITIZEN NUTRITION,PR0011822,SENIOR CITIZEN NUTRITION,ACTIVE,1636,RESTAURANT (61-150) SEATS LOW RISK,13225 E WALNUT ST,WHITTIER,CA,90602,001,ROUTINE INSPECTION,100,A,DA6107514,EE0001499
06/26/2026,OW0005591,C G INVESTMENTS INC,FA0071191,SUBWAY #1379,PR0017640,SUBWAY #1379,ACTIVE,1631,RESTAURANT (0-30) SEATS MODERATE RISK,10610 VENTURA BLVD,STUDIO CITY,CA,91604,001,ROUTINE INSPECTION,98,A,DA6104778,EE0000874
06/26/2026,OW0005610,"C&R RESTAURANT GROUP, LP",FA0138138,TACO BELL #28712,PR0122381,TACO BELL,ACTIVE,1637,RESTAURANT (61-150) SEATS MODERATE RISK,13008 E WHITTIER BLVD,WHITTIER,CA,90602,001,ROUTINE INSPECTION,99,A,DA6107853,EE0001429
06/26/2026,OW0033503,SONAR INC,FA0050199,TACO BELL #3075,PR0015687,TACO BELL #3075,ACTIVE,1634,RESTAURANT (31-60) SEATS MODERATE RISK,12503 E ALONDRA BLVD,NORWALK,CA,90650,001,ROUTINE INSPECTION,92,A,DA6114727,EE0000630
06/26/2026,OW0288257,TOTP WEHO LLC,FA0306260,TAIL O THE PUP,PR0264354,TAIL O THE PUP,ACTIVE,1635,RESTAURANT (31-60) SEATS HIGH RISK,8512 SANTA MONICA BLVD,WEST HOLLYWOOD,CA,90069,001,ROUTINE INSPECTION,90,A,DA6104566,EE0001642
06/26/2026,OW0328201,TAQUERIA LAS 3 CHARRAS LLC,FA0354769,TAQUERIA LAS 3 CHARRAS,PR0315638,TAQUERIA LAS 3 CHARRAS,ACTIVE,1632,RESTAURANT (0-30) SEATS HIGH RISK,860 E CARSON ST UNIT 104,CARSON,CA,90745,001,ROUTINE INSPECTION,97,A,DA6104351,EE0000897
06/26/2026,OW0208901,BLUEYELL LLC,FA0203769,THE BEE'S KNEES PROTEIN BAR,PR0176174,THE BEE'S KNEES PROTEIN BAR,ACTIVE,1631,RESTAURANT (0-30) SEATS MODERATE RISK,3827 OVERLAND AVE,CULVER CITY,CA,90232,001,ROUTINE INSPECTION,99,A,DA6109474,EE0001452
06/26/2026,OW0009656,DEL REY PIZZA LLC,FA0052010,THE GOOD PIZZA,PR0009622,THE GOOD PIZZA,ACTIVE,1631,RESTAURANT (0-30) SEATS MODERATE RISK,8115 W MANCHESTER AVE,PLAYA DEL REY,CA,90293,001,ROUTINE INSPECTION,90,A,DA6105726,EE0001590
06/26/2026,OW0005789,CALEB LINS INC,FA0072364,THE LOBSTER TRAP,PR0007292,THE LOBSTER TRAP,ACTIVE,1635,RESTAURANT (31-60) SEATS HIGH RISK,128 CATALINA AVE,AVALON,CA,90704,001,ROUTINE INSPECTION,92,A,DA6103056,EE0000684
06/26/2026,OW0035651,THE MONSOON BLUE INC,FA0052350,THE UDUPI PALACE,PR0013855,THE UDUPI PALACE,ACTIVE,1638,RESTAURANT (61-150) SEATS HIGH RISK,18635 S PIONEER BLVD,ARTESIA,CA,90701,001,ROUTINE INSPECTION,92,A,DA6108365,EE0000312
06/26/2026,OW0227145,SOPHAK KHEM,FA0222273,TOP DONUTS,PR0177261,TOP DONUTS,ACTIVE,1631,RESTAURANT (0-30) SEATS MODERATE RISK,10939 ALONDRA BLVD,NORWALK,CA,90650,001,ROUTINE INSPECTION,90,A,DA6118895,EE0000630
06/26/2026,OW0126753,"J & S RESTAURANTS, INC",FA0163079,TOPPERS PIZZA,PR0151249,TOPPERS PIZZA,ACTIVE,1638,RESTAURANT (61-150) SEATS HIGH RISK,23710 VALENCIA BLVD,SANTA CLARITA,CA,91355,001,ROUTINE INSPECTION,84,B,DA6104739,EE0001667
06/26/2026,OW0365969,M&KC ACAI LLC,FA0401430,UBATUBA ACAI KOREATOWN,PR0368296,UBAT6UBA ACAI KOREATOWN,ACTIVE,1631,RESTAURANT (0-30) SEATS MODERATE RISK,549 S WESTERN AVE,LOS ANGELES,CA,90020,001,ROUTINE INSPECTION,95,A,DA6109095,EE0001664
06/26/2026,OW0016382,HOST INTERNATIONAL INC,FA0138169,UMAMI BURGER,PR0122413,UMAMI BURGER,ACTIVE,1635,RESTAURANT (31-60) SEATS HIGH RISK,380 WORLD WAY T30,LOS ANGELES,CA,90045,001,ROUTINE INSPECTION,97,A,DA6108538,EE0000268
06/26/2026,OW0260972,VINH LOI EXPRESS,FA0271039,VINH LOI TOFU,PR0223706,VINH LOI TOFU,ACTIVE,1635,RESTAURANT (31-60) SEATS HIGH RISK,11818 SOUTH ST # 101,CERRITOS,CA,90703,001,ROUTINE INSPECTION,95,A,DA6108454,EE0000312
06/26/2026,OW0328360,VIRGIN ATLANTIC AIRWAYS LTD,FA0354958,VIRGIN ATLANTIC AIRWAYS CLUBHOUSE,PR0315853,VIRGIN ATLANTIC AIRWAYS CLUBHOUSE,ACTIVE,1638,RESTAURANT (61-150) SEATS HIGH RISK,380 WORLD WAY SP #201,LOS ANGELES,CA,90045,001,ROUTINE INSPECTION,97,A,DA6108433,EE0000268
06/26/2026,OW0328390,"VOODOO DOUGHNUT, LLC",FA0354996,"VOODOO DOUGHNUT, LLC",PR0315894,VOODOO DOUGHNUT,ACTIVE,1631,RESTAURANT (0-30) SEATS MODERATE RISK,7101 MELROSE AVE,LOS ANGELES,CA,90046,001,ROUTINE INSPECTION,94,A,DA6109713,EE0001597
06/26/2026,OW0015389,HERNANDEZ WESTHESTER BAKERY,FA0073871,WESTCHESTER BAKERY,PR0025419,WESTCHESTER BAKERY,ACTIVE,1631,RESTAURANT (0-30) SEATS MODERATE RISK,6216 W 87TH ST,LOS ANGELES,CA,90045,001,ROUTINE INSPECTION,93,A,DA6105758,EE0001590
06/26/2026,OW0294798,"WIDE EYE LOUNGE, INC",FA0315585,WIDE EYE LOUNGE,PR0274621,WIDE EYE LOUNGE,ACTIVE,1634,RESTAURANT (31-60) SEATS MODERATE RISK,24480 MAIN ST #110,SANTA CLARITA,CA,91321,001,ROUTINE INSPECTION,97,A,DA6104684,EE0001453
06/25/2026,OW0001327,900 MANHATTAN LLC,FA0004229,900 MANHATTAN,PR0181188,900 MANHATTAN,ACTIVE,1638,RESTAURANT (61-150) SEATS HIGH RISK,900 MANHATTAN AVE,MANHATTAN BEACH,CA,90266,001,ROUTINE INSPECTION,94,A,DA6102768,EE0001450
06/25/2026,OW0002134,ALI AKBAR,FA0004385,AASHIANA RESTAURANT,PR0012749,AASHIANA RESTAURANT,ACTIVE,1641,RESTAURANT (151 + ) SEATS HIGH RISK,245 GENTLE SPRINGS LN,DIAMOND BAR,CA,91765,001,ROUTINE INSPECTION,73,C,DA6101403,EE0001378
06/25/2026,OW0003238,"ASIANA MANAGEMENT GROUP, INC",FA0240395,ACE SUSHI @ VON'S 2250,PR0188423,ACE SUSHI @ VON'S 2250,ACTIVE,1632,RESTAURANT (0-30) SEATS HIGH RISK,16830 SAN FERNANDO MISSION BLVD,GRANADA HILLS,CA,91344,001,ROUTINE INSPECTION,99,A,DA6102442,EE0000207
06/25/2026,OW0327650,MOONG INC,FA0354125,ALCHEMIST COFFEE PROJECT 3,PR0315007,ALCHEMIST COFFEE,ACTIVE,1631,RESTAURANT (0-30) SEATS MODERATE RISK,3311 LA CIENEGA BLVD T,LOS ANGELES,CA,90016,001,ROUTINE INSPECTION,97,A,DA6102678,EE0001598
06/25/2026,OW0006523,MAURO ORTIZ CASTRO,FA0057258,ALFREDOS MEXICAN RESTAURANT,PR0005458,ALFREDOS MEXICAN RESTAURANT,ACTIVE,1632,RESTAURANT (0-30) SEATS HIGH RISK,13952 RAMONA BLVD,BALDWIN PARK,CA,91706,001,ROUTINE INSPECTION,93,A,DA6105862,EE0001431
06/25/2026,OW0236145,ANKO SHAVERY INC,FA0239961,ANKO,PR0187965,ANKO,ACTIVE,1634,RESTAURANT (31-60) SEATS MODERATE RISK,400 S WESTERN AVE # 103,LOS ANGELES,CA,90020,001,ROUTINE INSPECTION,96,A,DA6100703,EE0001520
06/25/2026,OW0179224,ARTHUR J LLC,FA0172184,ARTHUR J,PR0164706,ARTHUR J,ACTIVE,1638,RESTAURANT (61-150) SEATS HIGH RISK,903 MANHATTAN AVE,MANHATTAN BEACH,CA,90266,001,ROUTINE INSPECTION,93,A,DA6102786,EE0001450
06/25/2026,OW0012076,FOE NO 2810 EAGLES,FA0057877,AZUSA AERIE NO 2810,PR0040532,AZUSA AERIE NO 2810,ACTIVE,1637,RESTAURANT (61-150) SEATS MODERATE RISK,1603 N SAN GABRIEL CANYON RD,AZUSA,CA,91702,001,ROUTINE INSPECTION,99,A,DA6103667,EE0001306
06/25/2026,OW0365578,GRAND STREAM INC,FA0400996,BBQ CHICKEN,PR0367800,BBQ CHICKEN,ACTIVE,1632,RESTAURANT (0-30) SEATS HIGH RISK,1252 BERYL ST,REDONDO BEACH,CA,90277,001,ROUTINE INSPECTION,90,A,DA6105326,EE0001299
06/25/2026,OW0268323,MARIA LOURDES CESMA TREVINO,FA0279624,BIRRIERIA MICHOACAN,PR0234030,BIRRIERIA MICHOACAN,ACTIVE,1632,RESTAURANT (0-30) SEATS HIGH RISK,2621 SANTA ANA ST,SOUTH GATE,CA,90280,001,ROUTINE INSPECTION,92,A,DA6105346,EE0001219
06/25/2026,OW0227320,"BURATTINO, LLC",FA0222475,BURATTINO BRICK OVEN PIZZA,PR0177487,BURATTINO BRICK OVEN PIZZA,ACTIVE,1632,RESTAURANT (0-30) SEATS HIGH RISK,29701 S WESTERN AVE # 103,RANCHO PALOS VERDES,CA,90275,001,ROUTINE INSPECTION,91,A,DA6102761,EE0001523
06/25/2026,OW0244495,NRM GLACE INC,FA0250367,CAFE GLACE,PR0199346,CAFE GLACE,ACTIVE,1632,RESTAURANT (0-30) SEATS HIGH RISK,1441 WESTWOOD BLVD # A,LOS ANGELES,CA,90024,001,ROUTINE INSPECTION,92,A,DA6102640,EE0001321
06/25/2026,OW0269839,"ANGINE & MARJAN, INC",FA0281428,CAKERY BAKERY,PR0236260,CAKERY BAKERY,ACTIVE,1631,RESTAURANT (0-30) SEATS MODERATE RISK,1119 FOOTHILL BLVD,LA CANADA FLINTRIDGE,CA,91011,001,ROUTINE INSPECTION,90,A,DA6102757,EE0000318
06/25/2026,OW0033428,"SOLARES, JUAN CARLOS",FA0007072,CALFORNIA DONUTS,PR0042946,CALFORNIA DONUTS,ACTIVE,1631,RESTAURANT (0-30) SEATS MODERATE RISK,2700 E GAGE AVE STE A,HUNTINGTON PARK,CA,90255,001,ROUTINE INSPECTION,83,B,DA6105675,EE0001508
06/25/2026,OW0005856,"CALIFORNIA PIZZA KITCHEN, LLC. d/b/a CALIFORNIA PIZZA KITCHEN",FA0059018,CALIFORNIA PIZZA KITCHEN,PR0037702,CALIFORNIA PIZZA KITCHEN,ACTIVE,1638,RESTAURANT (61-150) SEATS HIGH RISK,10704 VENICE BLVD,CULVER CITY,CA,90232,001,ROUTINE INSPECTION,97,A,DA6103110,EE0001452
06/25/2026,OW0115065,JEWISH BIG BROTHERS BIG SIST,FA0149478,CAMP BOB WALDORF KITCHEN,PR0136972,CAMP BOB WALDORF KITCHEN,ACTIVE,1631,RESTAURANT (0-30) SEATS MODERATE RISK,1041 SHIRLYJEAN ST,GLENDALE,CA,91208,001,ROUTINE INSPECTION,91,A,DA6101590,EE0000828
06/25/2026,OW0279601,"CAMPUS BY THE SEA, INC",FA0295381,"CAMPUS BY THE SEA, INC",PR0273650,"CAMPUS BY THE SEA, INC.",ACTIVE,1631,RESTAURANT (0-30) SEATS MODERATE RISK,1 GALLAGHERS CV,CATALINA ISLAND,CA,90704,001,ROUTINE INSPECTION,98,A,DA6100931,EE0000912
06/25/2026,OW0006372,"CASA JIMENEZ RESTAURANT, INC",FA0249151,CASA JIMENEZ RESTAURANT,PR0197857,CASA JIMENEZ RESTAURANT,ACTIVE,1635,RESTAURANT (31-60) SEATS HIGH RISK,13348 RAMONA BLVD,BALDWIN PARK,CA,91706,001,ROUTINE INSPECTION,93,A,DA6105945,EE0001431
06/25/2026,OW0366514,MSQUARE2 LLC,FA0402064,CASSIDY'S CORNER CAFE,PR0369025,CASSIDY'S CORNER CAFE,ACTIVE,1631,RESTAURANT (0-30) SEATS MODERATE RISK,4510 WHITTIER BLVD,WHITTIER,CA,90605,001,ROUTINE INSPECTION,94,A,DA6102404,EE0001429
06/25/2026,OW0033387,SOHO HOUSE WEST HOLLYWOOD LL,FA0014028,CECCONI'S,PR0044375,CECCONI'S,ACTIVE,1641,RESTAURANT (151 + ) SEATS HIGH RISK,8764 MELROSE AVE,WEST HOLLYWOOD,CA,90069,001,ROUTINE INSPECTION,99,A,DA6106812,EE0001585
06/25/2026,OW0033387,SOHO HOUSE WEST HOLLYWOOD LL,FA0014028,CECCONI'S,PR0044375,CECCONI'S,ACTIVE,1641,RESTAURANT (151 + ) SEATS HIGH RISK,8764 MELROSE AVE,WEST HOLLYWOOD,CA,90069,001,ROUTINE INSPECTION,90,A,DA6106805,EE0001585
06/25/2026,OW0326032,THE OC MURPHY GROUP,FA0352260,CHICK-FIL-A AT 190TH & WESTERN FSR,PR0313012,CHICK-FIL-A,ACTIVE,1638,RESTAURANT (61-150) SEATS HIGH RISK,1811 W 190TH ST,TORRANCE,CA,90504,001,ROUTINE INSPECTION,98,A,DA6105884,EE0001440
06/25/2026,OW0007608,"CHIPOTLE MEXICAN GRILL, INC",FA0059751,CHIPOTLE MEXICAN GRILL,PR0020273,CHIPOTLE MEXICAN GRILL,ACTIVE,1635,RESTAURANT (31-60) SEATS HIGH RISK,4114 SEPULVEDA BLVD STE #F,CULVER CITY,CA,90230,001,ROUTINE INSPECTION,98,A,DA6103219,EE0001452
06/25/2026,OW0366342,LAMA  SAFI,FA0401864,CHOICE LIQUOR,PR0368806,CHOICE LIQUOR,ACTIVE,1610,"FOOD MKT RETAIL (1-1,999 SF) LOW RISK",14044 WHITTIER BLVD,WHITTIER,CA,90605,001,ROUTINE INSPECTION,98,A,DA6102460,EE0001429
06/25/2026,OW0302668,CHUBBY CATTLE ROSEMEAD LLC/DAWEI ZHAO,FA0326643,CHUBBY CATTLE ROSEMEAD,PR0286550,CHUBBY CATTLE ROSEMEAD,ACTIVE,1635,RESTAURANT (31-60) SEATS HIGH RISK,8508 VALLEY BLVD STE C102,ROSEMEAD,CA,91770,001,ROUTINE INSPECTION,84,B,DA6105793,EE0001285
06/25/2026,OW0304941,THE COPPER ROOM LLC,FA0329426,COUCOU,PR0289604,COUCOU,ACTIVE,1632,RESTAURANT (0-30) SEATS HIGH RISK,9045 SANTA MONICA BLVD,WEST HOLLYWOOD,CA,90069,401,OWNER INITIATED INSPECTION,97,A,DA6104079,EE0001559
06/25/2026,OW0008776,"CORE MONROVIA, LLC",FA0139748,COURTYARD BY MARRIOTT,PR0026043,COURTYARD BY MARRIOTT,ACTIVE,1638,RESTAURANT (61-150) SEATS HIGH RISK,700 W HUNTINGTON DR,MONROVIA,CA,91016,001,ROUTINE INSPECTION,100,A,DA6102369,EE0000437
06/25/2026,OW0183821,BIG OMELETTE INC,FA0177934,CRAZY OTTO'S DINER,PR0171018,CRAZY OTTO'S DINER,ACTIVE,1638,RESTAURANT (61-150) SEATS HIGH RISK,19132 SOLEDAD CANYON RD,SANTA CLARITA,CA,91351,001,ROUTINE INSPECTION,81,B,DA6101638,EE0001665
06/25/2026,OW0329177,ROBERT SORTINO/ SETTE INVESTMENTS LLC,FA0355958,CREME COFFEE SHOP,PR0316970,CREME COFFEE SHOP,ACTIVE,1630,RESTAURANT (0-30) SEATS LOW RISK,420 E HOLT AVE,POMONA,CA,91767,001,ROUTINE INSPECTION,96,A,DA6101335,EE0001378
06/25/2026,OW0009380,DAMON'S GLENDALE STEAKHOUSE,FA0018054,DAMON'S STEAK HOUSE,PR0019019,DAMON'S STEAK HOUSE,ACTIVE,1641,RESTAURANT (151 + ) SEATS HIGH RISK,317 N BRAND BLVD,GLENDALE,CA,91203,001,ROUTINE INSPECTION,90,A,DA6103257,EE0001432
06/25/2026,OW0364859,EAT FANTASTIC #11 INC,FA0400098,EAT FANTASTIC,PR0366784,EAT FANTASTIC,ACTIVE,1635,RESTAURANT (31-60) SEATS HIGH RISK,701 N PACIFIC COAST HWY,REDONDO BEACH,CA,90277,001,ROUTINE INSPECTION,96,A,DA6105310,EE0001299
06/25/2026,OW0023512,MARTA ALICIA ALAS PALACIOS,FA0020432,EL BARON NIGHTCLUB RESTAURANT,PR0002335,EL BARON NIGHTCLUB RESTAURAN,ACTIVE,1638,RESTAURANT (61-150) SEATS HIGH RISK,8641 WASHINGTON BLVD,CULVER CITY,CA,90232,001,ROUTINE INSPECTION,80,B,DA6102941,EE0001601
06/25/2026,OW0010868,EL POLLO LOCO INC,FA0021109,EL POLLO LOCO #5378,PR0020837,EL POLLO LOCO #5378,ACTIVE,1635,RESTAURANT (31-60) SEATS HIGH RISK,4058 TWEEDY BLVD,SOUTH GATE,CA,90280,001,ROUTINE INSPECTION,92,A,DA6103154,EE0001309
06/25/2026,OW0010868,EL POLLO LOCO INC,FA0061524,EL POLLO LOCO #5948,PR0006721,EL POLLO LOCO #5948,ACTIVE,1635,RESTAURANT (31-60) SEATS HIGH RISK,1125 TRUMAN ST,SAN FERNANDO,CA,91340,001,ROUTINE INSPECTION,94,A,DA6101961,EE0000476
06/25/2026,OW0011924,"TLAMASICO, AUGUSTIN SOTO",FA0061591,EL RINCON MEXICAN FOOD,PR0032098,EL RINCON MEXICAN FOOD,ACTIVE,1632,RESTAURANT (0-30) SEATS HIGH RISK,7061 FOOTHILL BLVD,TUJUNGA,CA,91042,001,ROUTINE INSPECTION,96,A,DA6101943,EE0001127
06/25/2026,OW0291459,ELFIDO ROMERO,FA0310438,EMMANUEL MINI MARKET,PR0268995,EMMANUEL MINI MARKET,ACTIVE,1610,"FOOD MKT RETAIL (1-1,999 SF) LOW RISK",5135 S WESTERN AVE,LOS ANGELES,CA,90062,001,ROUTINE INSPECTION,91,A,DA6101937,EE0001564
06/25/2026,OW0012494,FRANCESCO FUNICIELLO,FA0062271,FRANCESCO'S ITALIAN RESTAURANT,PR0012887,FRANCESCO'S ITALIAN RESTAURANT,ACTIVE,1632,RESTAURANT (0-30) SEATS HIGH RISK,20 MIRALESTE PLZ # A,RANCHO PALOS VERDES,CA,90275,001,ROUTINE INSPECTION,99,A,DA6102740,EE0001523
06/25/2026,OW0365374,EAST LA PUB INC,FA0400777,GLADI8OR PIZZA & BILLIARDS,PR0367564,GLADI8OR PIZZA & BILLIARDS,ACTIVE,1635,RESTAURANT (31-60) SEATS HIGH RISK,5128 WHITTIER BLVD,LOS ANGELES,CA,90022,001,ROUTINE INSPECTION,84,B,DA6105707,EE0001534
06/25/2026,OW0366176,J&G GONZALEZ #2 ENTERPRISE INC,FA0401674,GONZALEZ MEAT MARKET,PR0368603,GONZALEZ MEAT MARKET,ACTIVE,1615,"FOOD MKT RETAIL (2,000+ SF) HIGH RISK",820 RANCHO VISTA BLVD,PALMDALE,CA,93551,001,ROUTINE INSPECTION,94,A,DA6102894,EE0001442
06/25/2026,OW0008590,COMMUNITY RESTAURANTS INC,FA0015576,GRANVILLE,PR0028069,GRANVILLE,ACTIVE,1638,RESTAURANT (61-150) SEATS HIGH RISK,121 N SAN FERNANDO BLVD,BURBANK,CA,91502,001,ROUTINE INSPECTION,98,A,DA6103270,EE0001237
06/25/2026,OW0014177,GROUNDWORK COFFEE LLC,FA0242693,GROUNDWORK COFFEE,PR0190874,GROUNDWORK COFFEE,ACTIVE,1638,RESTAURANT (61-150) SEATS HIGH RISK,11275 CHANDLER BLVD,NORTH HOLLYWOOD,CA,91601,001,ROUTINE INSPECTION,95,A,DA6100752,EE0000516
06/25/2026,OW0270288,"RURI, INC",FA0281990,IT'S BOBA TIME VALENCIA,PR0236860,IT'S BOBA TIME VALENCIA,ACTIVE,1631,RESTAURANT (0-30) SEATS MODERATE RISK,24201 VALENCIA BLVD,SANTA CLARITA,CA,91355,001,ROUTINE INSPECTION,95,A,DA6101711,EE0001583
06/25/2026,OW0366096,J A M COFFEE & CO LLC,FA0401587,J A M COFFEE,PR0368507,UNIT 8,ACTIVE,1631,RESTAURANT (0-30) SEATS MODERATE RISK,4007 MIRALESTE DR,RANCHO PALOS VERDES,CA,90275,001,ROUTINE INSPECTION,92,A,DA6102725,EE0001523
06/25/2026,OW0005838,"CALIFORNIA SUNRISE, INC",FA0029760,JACK IN THE BOX #3579,PR0043253,JACK IN THE BOX #3579,ACTIVE,1637,RESTAURANT (61-150) SEATS MODERATE RISK,126 N AZUSA AVE,AZUSA,CA,91702,001,ROUTINE INSPECTION,98,A,DA6103160,EE0001306
06/25/2026,OW0018186,"JYM ENTERPRISES, INC",FA0018431,JACK IN THE BOX #5346,PR0009511,JACK IN THE BOX #5346,ACTIVE,1637,RESTAURANT (61-150) SEATS MODERATE RISK,11780 RAMONA BLVD,EL MONTE,CA,91731,001,ROUTINE INSPECTION,96,A,DA6105763,EE0001480
06/25/2026,OW0039555,YARDKARIM FARAJOLLAH,FA0061913,KABOB BY FARAJ,PR0010058,KABOB BY FARAJ,ACTIVE,1632,RESTAURANT (0-30) SEATS HIGH RISK,8678 W PICO BLVD,LOS ANGELES,CA,90035,001,ROUTINE INSPECTION,95,A,DA6102585,EE0001598
06/25/2026,OW0306501,KISMET ROTISSERIE LLC,FA0331246,KISMET ROTISSERIE,PR0291526,KISMET ROTISSERIE,ACTIVE,1632,RESTAURANT (0-30) SEATS HIGH RISK,10000 WASHINGTON BLVD 106,CULVER CITY,CA,90232,001,ROUTINE INSPECTION,98,A,DA6102979,EE0001601
06/25/2026,OW0266007,TBL MONTEELLO LLC,FA0276883,LA BUFADORA BAJA GRILL,PR0230536,LA BUFADORA BAJA GRILL,ACTIVE,1635,RESTAURANT (31-60) SEATS HIGH RISK,2809 VIA CAMPO,MONTEBELLO,CA,90640,001,ROUTINE INSPECTION,93,A,DA6102061,EE0001301
06/25/2026,OW0299285,LA ESTANCIA MEXICAN RESTAURANT INC,FA0322389,LA ESTANCIA MEXICAN RESTAURANT,PR0282073,LA ESTANCIA MEXICAN RESTAURANT,ACTIVE,1632,RESTAURANT (0-30) SEATS HIGH RISK,932 E COLORADO BLVD,GLENDALE,CA,91205,001,ROUTINE INSPECTION,92,A,DA6101882,EE0000242
06/25/2026,OW0276530,LUIS ALFONSO RUIZ,FA0291608,LA GARRAFA MX,PR0247487,LA GARRAFA MX,ACTIVE,1631,RESTAURANT (0-30) SEATS MODERATE RISK,2208 WHITTIER BLVD,MONTEBELLO,CA,90640,001,ROUTINE INSPECTION,90,A,DA6102076,EE0001301
06/25/2026,OW0272622,RAMIRO GONZALEZ,FA0286351,LA JOYA POBLANA,PR0241584,LA JOYA POBLANA,ACTIVE,1631,RESTAURANT (0-30) SEATS MODERATE RISK,4425 1/2 AVALON BLVD,LOS ANGELES,CA,90011,001,ROUTINE INSPECTION,88,B,DA6113237,EE0001659
06/25/2026,OW0284980,TERPS LLC,FA0302127,LA SANDWICH BAR,PR0259688,LA SANDWICH BAR,ACTIVE,1631,RESTAURANT (0-30) SEATS MODERATE RISK,8360 MELROSE AVE # 107,LOS ANGELES,CA,90069,001,ROUTINE INSPECTION,96,A,DA6103248,EE0001660
06/25/2026,OW0281059,LA TACO HOUSE,FA0297210,LA TACO HOUSE,PR0253976,LA TACO HOUSE,ACTIVE,1632,RESTAURANT (0-30) SEATS HIGH RISK,3775 S WESTERN AVE,LOS ANGELES,CA,90056,001,ROUTINE INSPECTION,92,A,DA6102755,EE0001586
06/25/2026,OW0270613,ESMERALDA ACOSTA,FA0282391,LA VICTORIA KITCHEN,PR0237351,LA VICTORIA KITCHEN,ACTIVE,1631,RESTAURANT (0-30) SEATS MODERATE RISK,5520 AVALON BLVD,LOS ANGELES,CA,90011,001,ROUTINE INSPECTION,90,A,DA6113430,EE0001659
06/25/2026,OW0305740,"LAMONICA'S NY PIZZA CO, INC",FA0330377,LAMONICA'S NY PIZZA,PR0290625,LAMONICA'S NY PIZZA,ACTIVE,1634,RESTAURANT (31-60) SEATS MODERATE RISK,1066 GAYLEY AVE,LOS ANGELES,CA,90024,001,ROUTINE INSPECTION,95,A,DA6102804,EE0001321
06/25/2026,OW0279116,US DHAKA FOOD INC,FA0294761,LITTLE DHAKA RESTAURANT AND GROCERY,PR0251173,LITTLE DHAKA RESTAURANT AND GROCERY - RESTAURANT,ACTIVE,1632,RESTAURANT (0-30) SEATS HIGH RISK,18159 PIONEER BLVD,ARTESIA,CA,90701,001,ROUTINE INSPECTION,59,,DA6102808,EE0000312
06/25/2026,OW0279116,US DHAKA FOOD INC,FA0294761,LITTLE DHAKA RESTAURANT AND GROCERY,PR0251172,LITTLE DHAKA RESTAURANT AND GROCERY - MARKET,ACTIVE,1613,"FOOD MKT RETAIL (2,000+ SF) LOW RISK",18159 PIONEER BLVD,ARTESIA,CA,90701,001,ROUTINE INSPECTION,84,B,DA6102738,EE0000312
06/25/2026,OW0331126,HOT LUNCH LLC,FA0358362,LITTLE ROOM,PR0319613,THE LITTLE ROOM,ACTIVE,1635,RESTAURANT (31-60) SEATS HIGH RISK,4851 W ADAMS BLVD,LOS ANGELES,CA,90016,001,ROUTINE INSPECTION,98,A,DA6109789,EE0001440
06/25/2026,OW0365531,M&M EDIBLES LLC,FA0400949,M&M FIRST CHOICE,PR0367754,M&M FIRST CHOICE,ACTIVE,1630,RESTAURANT (0-30) SEATS LOW RISK,20034 HAWTHORNE BLVD UNIT A,TORRANCE,CA,90503,001,ROUTINE INSPECTION,75,C,DA6102615,EE0001502
06/25/2026,OW0365492,FOTS-J LLC,FA0400908,MARY'S BIG DISCOUNT,PR0367705,MARY'S BIG DISCOUNT,ACTIVE,1613,"FOOD MKT RETAIL (2,000+ SF) LOW RISK",3451 WHITTIER BLVD,LOS ANGELES,CA,90023,001,ROUTINE INSPECTION,95,A,DA6105626,EE0001534
06/25/2026,OW0244218,CHARE MADE GOODS,FA0250040,MEAT TO GO,PR0198868,MEAT TO GO,ACTIVE,1612,"FOOD MKT RETAIL (1-1,999 SF) HIGH RISK",415 1/2 W LAS TUNAS DR,SAN GABRIEL,CA,91776,001,ROUTINE INSPECTION,95,A,DA6101987,EE0001561
06/25/2026,OW0275232,VTC FROYO COMPANY INC,FA0289902,MENCHIE'S FROZEN YOGURT,PR0245369,MENCHIE'S FROZEN YOGURT,ACTIVE,1634,RESTAURANT (31-60) SEATS MODERATE RISK,24201 W VALENCIA BLVD STE 3446,VALENCIA,CA,91355,001,ROUTINE INSPECTION,99,A,DA6101696,EE0001583
06/25/2026,OW0017680,"JIMENEZ, PEDRO",FA0040537,MI TIERRA RESTAURANT,PR0038904,MI TIERRA RESTAURANT,ACTIVE,1635,RESTAURANT (31-60) SEATS HIGH RISK,5949 WHITTIER BLVD,LOS ANGELES,CA,90022,001,ROUTINE INSPECTION,90,A,DA6105717,EE0001261
06/25/2026,OW0126777,HEXI INTERNATIONAL C,FA0163107,MISS TEA,PR0151282,MISS TEA,ACTIVE,1630,RESTAURANT (0-30) SEATS MODERATE RISK,14317 RAMONA BLVD STE B,BALDWIN PARK,CA,91706,001,ROUTINE INSPECTION,92,A,DA6106113,EE0001431
06/25/2026,OW0366285,MONGOLIAN PIE,FA0401802,MONGOLIAN PIE,PR0368738,RESTAURANT,ACTIVE,1633,RESTAURANT (31-60) SEATS HIGH RISK,500 N ATLANTIC BLVD # 110,MONTEREY PARK,CA,91754,001,ROUTINE INSPECTION,85,B,DA6101956,EE0001119
06/25/2026,OW0304683,NAUGHTY PIE NATURE LLC,FA0329099,NAUGHTY PIE NATURE LLC,PR0289228,NAUGHTY PIE NATURE LLC,ACTIVE,1633,RESTAURANT (31-60) SEATS LOW RISK,1466 GLENDALE BLVD,LOS ANGELES,CA,90026,001,ROUTINE INSPECTION,97,A,DA6106386,EE0001524
06/25/2026,OW0264201,DIZI ENTERPRISE,FA0274750,NERSES RESTAURANT,PR0227964,NERSES RESTAURANT,ACTIVE,1635,RESTAURANT (31-60) SEATS HIGH RISK,6524 SAN FERNANDO RD,GLENDALE,CA,91201,001,ROUTINE INSPECTION,94,A,DA6102890,EE0001237
06/25/2026,OW0017714,JINON CORPORATION,FA0041721,NIJIYA MARKET - PUENTE HILL STORE,PR0019084,NIJIYA MARKET,ACTIVE,1613,"FOOD MKT RETAIL (2,000+ SF) LOW RISK",17869 E COLIMA RD,INDUSTRY,CA,91748,001,ROUTINE INSPECTION,99,A,DA6102403,EE0001499
06/25/2026,OW0017714,JINON CORPORATION,FA0041721,NIJIYA MARKET - PUENTE HILL STORE,PR0030171,NIJIYA MARKET RESTAURANT,ACTIVE,1631,RESTAURANT (0-30) SEATS MODERATE RISK,17869 E COLIMA RD,INDUSTRY,CA,91748,001,ROUTINE INSPECTION,95,A,DA6102394,EE0001499
06/25/2026,OW0302392,"HANSOL SOUL GROUP, INC",FA0354858,NSOL NOODLES,PR0315752,HANSOL NOODLES,ACTIVE,1632,RESTAURANT (0-30) SEATS HIGH RISK,2825 S DIAMOND BAR BLVD,DIAMOND BAR,CA,91765,001,ROUTINE INSPECTION,91,A,DA6103459,EE0001266
06/25/2026,OW0130606,DKL CORPORATION,FA0167581,O SUSHI,PR0157958,O SUSHI,ACTIVE,1632,RESTAURANT (0-30) SEATS HIGH RISK,18812 SOLEDAD CANYON RD,SANTA CLARITA,CA,91351,001,ROUTINE INSPECTION,77,C,DA6101687,EE0001665
06/25/2026,OW0307569,PACIFIC RESTAURANT HP,FA0332526,PACIFIC RESTAURANT,PR0292930,PACIFIC RESTAURANT,ACTIVE,1635,RESTAURANT (31-60) SEATS HIGH RISK,6300 PACIFIC BLVD,HUNTINGTON PARK,CA,90255,001,ROUTINE INSPECTION,93,A,DA6105699,EE0001508
06/25/2026,OW0027458,PANDA EXPRESS CORPORATION,FA0027648,PANDA EXPRESS,PR0010111,PANDA EXPRESS,ACTIVE,1635,RESTAURANT (31-60) SEATS HIGH RISK,840 W AVENUE L,LANCASTER,CA,93534,001,ROUTINE INSPECTION,99,A,DA6103419,EE0001667
06/25/2026,OW0027458,PANDA EXPRESS CORPORATION,FA0027644,PANDA EXPRESS #1439,PR0020237,PANDA EXPRESS #1439,ACTIVE,1635,RESTAURANT (31-60) SEATS HIGH RISK,5300 N LANKERSHIM BLVD STE 140,NORTH HOLLYWOOD,CA,91601,001,ROUTINE INSPECTION,97,A,DA6101499,EE0000516
06/25/2026,OW0027458,PANDA EXPRESS CORPORATION,FA0159961,PANDA EXPRESS #2348,PR0148039,PANDA EXPRESS #2348,ACTIVE,1635,RESTAURANT (31-60) SEATS HIGH RISK,5867 S CENTRAL AVE,LOS ANGELES,CA,90001,001,ROUTINE INSPECTION,92,A,DA6101570,EE0001588
06/25/2026,OW0326927,MANNA LA LLC,FA0353302,PANERA #4868,PR0314140,PANERA,ACTIVE,1638,RESTAURANT (61-150) SEATS HIGH RISK,1841 W 190TH ST,TORRANCE,CA,90504,001,ROUTINE INSPECTION,98,A,DA6106135,EE0001440
06/25/2026,OW0308216,PAREDES RESTAURANT INC,FA0352991,PAREDES TACOS MEXICO,PR0313802,PAREDES TACOS MEXICO,ACTIVE,1632,RESTAURANT (0-30) SEATS HIGH RISK,7140 VAN NUYS BLVD,VAN NUYS,CA,91405,001,ROUTINE INSPECTION,96,A,DA6102042,EE0000138
06/25/2026,OW0025148,"MOSS, LARRY",FA0043651,PENELOPE'S,PR0019755,PENELOPE'S,ACTIVE,1631,RESTAURANT (0-30) SEATS MODERATE RISK,1029 FOOTHILL BLVD,LA CANADA FLINTRIDGE,CA,91011,001,ROUTINE INSPECTION,92,A,DA6102704,EE0000318
06/25/2026,OW0028997,PRESSED JUICERY INC,FA0271079,PRESSED JUICERY,PR0223753,PRESSED JUICERY,ACTIVE,1631,RESTAURANT (0-30) SEATS MODERATE RISK,24201 W VALENCIA BLVD # 3552,VALENCIA,CA,91355,001,ROUTINE INSPECTION,99,A,DA6101683,EE0001583
06/25/2026,OW0255964,"PRIMA CANTINA, LLC",FA0264905,PRIMA COCINA,PR0216068,PRIMA COCINA,ACTIVE,1632,RESTAURANT (0-30) SEATS HIGH RISK,1405 MONTANA AVE,SANTA MONICA,CA,90403,001,ROUTINE INSPECTION,84,B,DA6105498,EE0001565
06/25/2026,OW0366372,ZABOON INVESTOR INC,FA0401898,PRIME BURGER,PR0368846,PRIME BURGER,ACTIVE,1635,RESTAURANT (31-60) SEATS HIGH RISK,14939 LEFFINGWELL RD,WHITTIER,CA,90604,001,ROUTINE INSPECTION,92,A,DA6102490,EE0001429
06/25/2026,OW0308424,"ZEER LONG BEACH, LLC",FA0333503,QUALITY INN,PR0294231,QUALITY INN LONG BEACH,ACTIVE,1610,"FOOD MKT RETAIL (1-1,999 SF) LOW RISK",3201 E PACIFIC COAST HWY,SIGNAL HILL,CA,90755,001,ROUTINE INSPECTION,100,A,DA6101070,EE0000031
06/25/2026,OW0298871,M&M RESOURCES INC,FA0321620,QWENNCH JUICE BAR,PR0281277,QWENNCH JUICE BAR,ACTIVE,1631,RESTAURANT (0-30) SEATS MODERATE RISK,4114 SEPULVEDA BLVD #C,CULVER CITY,CA,90230,001,ROUTINE INSPECTION,94,A,DA6103504,EE0001452
06/25/2026,OW0029458,RALPHS GROCERY COMPANY,FA0029808,RALPHS MARKET #709,PR0013285,RALPHS MEAT AND FISH #709,ACTIVE,1612,"FOOD MKT RETAIL (1-1,999 SF) HIGH RISK",11361 NATIONAL BLVD,LOS ANGELES,CA,90064,401,OWNER INITIATED INSPECTION,95,A,DA6103460,EE0001574
06/25/2026,OW0326468,SANSMARK INC,FA0352759,RANDY'S DONUTS,PR0313559,RANDY'S DONUTS,ACTIVE,1631,RESTAURANT (0-30) SEATS MODERATE RISK,4114 SEPULVEDA BLVD D,CULVER CITY,CA,90230,001,ROUTINE INSPECTION,96,A,DA6103265,EE0001452
06/25/2026,OW0365567,"LOS BROTHERS, INC",FA0400985,SABOR AZTECA,PR0367788,SABOR AZTECA,ACTIVE,1635,RESTAURANT (31-60) SEATS HIGH RISK,541 S INDIANA ST,LOS ANGELES,CA,90063,001,ROUTINE INSPECTION,92,A,DA6105645,EE0001534
06/25/2026,OW0365394,GOLDEN GARDEN USA INC,FA0400799,SAKURA HANA HIBACHI,PR0367589,SAKURA HANA HIBACHI,ACTIVE,1635,RESTAURANT (31-60) SEATS HIGH RISK,3822 E OLYMPIC BLVD,LOS ANGELES,CA,90023,401,OWNER INITIATED INSPECTION,84,B,DA6105665,EE0001534
06/25/2026,OW0208855,SHAKE SHACK WEST HOLLYWOOD LA LLC,FA0203716,SHAKE SHACK WEST HOLLYWOOD,PR0176355,SHAKE SHACK WEST HOLLYWOOD,ACTIVE,1641,RESTAURANT (151 + ) SEATS HIGH RISK,8520 SANTA MONICA BLVD,WEST HOLLYWOOD,CA,90069,001,ROUTINE INSPECTION,96,A,DA6103089,EE0001666
06/25/2026,OW0365996,SIVAR TREATS LLC,FA0401466,SIVAR TREATS,PR0368354,SIVAR TREATS,ACTIVE,1632,RESTAURANT (0-30) SEATS HIGH RISK,14103 LAMBERT RD,WHITTIER,CA,90605,001,ROUTINE INSPECTION,92,A,DA6102530,EE0001429
06/25/2026,OW0283750,ARMOND ZAROOKIAN,FA0300541,SLASH PIZZA,PR0257775,SLASH PIZZA,ACTIVE,1632,RESTAURANT (0-30) SEATS HIGH RISK,6520 SAN FERNANDO RD STE A,GLENDALE,CA,91201,001,ROUTINE INSPECTION,94,A,DA6102835,EE0001237
06/25/2026,OW0303654,SLURP & SIP,FA0327813,SLURP & SIP,PR0287817,SLURP & SIP,ACTIVE,1631,RESTAURANT (0-30) SEATS MODERATE RISK,3448 WILSHIRE BLVD STE 100,LOS ANGELES,CA,90010,001,ROUTINE INSPECTION,96,A,DA6105515,EE0001591
06/25/2026,OW0244733,SOCORROS RESTAURANT INC,FA0250658,SOCORROS RESTAURANT INC,PR0199675,SOCORROS RESTAURANT INC,ACTIVE,1635,RESTAURANT (31-60) SEATS HIGH RISK,14853 SHERMAN WAY,VAN NUYS,CA,91405,001,ROUTINE INSPECTION,93,A,DA6102063,EE0000138
06/25/2026,OW0033938,STARBUCKS COFFEE,FA0275051,STARBUCKS COFFEE #9234,PR0228344,STARBUCKS COFFEE #9234,ACTIVE,1630,RESTAURANT (0-30) SEATS LOW RISK,555 W 5TH ST STE C050,LOS ANGELES,CA,90013,001,ROUTINE INSPECTION,93,A,DA6103472,EE0001663
06/25/2026,OW0328023,RICHIE'S MANAGEMENT INC,FA0354563,STEAKS LA,PR0315438,STEAKS LA,ACTIVE,1632,RESTAURANT (0-30) SEATS HIGH RISK,739 E HYDE PARK BLVD,INGLEWOOD,CA,90302,001,ROUTINE INSPECTION,90,A,DA6106219,EE0001603
06/25/2026,OW0034454,SUPER BIONICOS INC,FA0035299,SUPER BIONICOS,PR0006262,SUPER BIONICOS,ACTIVE,1631,RESTAURANT (0-30) SEATS MODERATE RISK,14315 RAMONA BLVD STE #B,BALDWIN PARK,CA,91706,001,ROUTINE INSPECTION,96,A,DA6106249,EE0001431
06/25/2026,OW0005610,"C&R RESTAURANT GROUP, LP",FA0071653,TACO BELL #28729,PR0031935,TACO BELL #28729,ACTIVE,1637,RESTAURANT (61-150) SEATS MODERATE RISK,768 W ARROW HWY,COVINA,CA,91722,001,ROUTINE INSPECTION,98,A,DA6103087,EE0001306
06/25/2026,OW0002350,"ALVARADO RESTAURANT GROUP, LLC",FA0248298,TACO BELL #33631,PR0196940,TACO BELL #33631,ACTIVE,1634,RESTAURANT (31-60) SEATS MODERATE RISK,16414 CRENSHAW BLVD,TORRANCE,CA,90504,001,ROUTINE INSPECTION,98,A,DA6105836,EE0001440
06/25/2026,OW0023597,"MARTINEZ, TOMAS",FA0050452,TACOS TUMBRAS,PR0001274,TACOS TUMBRAS,ACTIVE,1632,RESTAURANT (0-30) SEATS HIGH RISK,317 S BROADWAY STE #14,LOS ANGELES,CA,90013,001,ROUTINE INSPECTION,86,B,DA6101811,EE0001636
06/25/2026,OW0023597,"MARTINEZ, TOMAS",FA0071793,TACOS TUMBRAS FOOD PREP RM,PR0008628,TACOS TUMBRAS FOOD PREP RM,ACTIVE,1632,RESTAURANT (0-30) SEATS HIGH RISK,317 S BROADWAY # 4CC/1,LOS ANGELES,CA,90013,001,ROUTINE INSPECTION,92,A,DA6101814,EE0001636
06/25/2026,OW0366097,TAMALES ALBERTO ECHO PARK LLC,FA0401588,TAMALES ALBERTO ECHO PARK,PR0368508,TAMALES ALBERTO ECHO PARK,ACTIVE,1632,RESTAURANT (0-30) SEATS HIGH RISK,1644 W TEMPLE ST,LOS ANGELES,CA,90026,001,ROUTINE INSPECTION,90,A,DA6101500,EE0001634
06/25/2026,OW0264627,ROMUALDO ANTONIO BARRERA FIGUEROA,FA0275258,TAMALES EXPRESS,PR0228560,TAMALES EXPRESS,ACTIVE,1632,RESTAURANT (0-30) SEATS HIGH RISK,18283 SOLEDAD CANYON RD,SANTA CLARITA,CA,91387,001,ROUTINE INSPECTION,92,A,DA6104877,EE0001505
06/25/2026,OW0035029,TAQUERIA EL TAPATIO 1 INC,FA0071902,TAQUERIA EL TAPATIO,PR0017573,TAQUERIA EL TAPATIO,ACTIVE,1635,RESTAURANT (31-60) SEATS HIGH RISK,22806 VICTORY BLVD,WOODLAND HILLS,CA,91367,001,ROUTINE INSPECTION,100,A,DA6105294,EE0000521
06/25/2026,OW0275215,TASTY YEREVAN INC,FA0289884,TASTY YEREVAN,PR0245350,TASTY YEREVAN,ACTIVE,1632,RESTAURANT (0-30) SEATS HIGH RISK,1126 E BROADWAY,GLENDALE,CA,91205,001,ROUTINE INSPECTION,87,B,DA6103222,EE0001432
06/25/2026,OW0299276,HOMEMADE RESTAURANT INC,FA0322375,THE COWBOY TAVERN,PR0282059,THE COWBOY TAVERN,ACTIVE,1635,RESTAURANT (31-60) SEATS HIGH RISK,33310 AGUA DULCE CANYON RD,AGUA DULCE,CA,91390,001,ROUTINE INSPECTION,90,A,DA6102676,EE0001505
06/25/2026,OW0243895,"THE LOCAL PUB & GRILL, INC",FA0249674,THE LOCAL PUB & GRILL,PR0198453,THE LOCAL PUB & GRILL,ACTIVE,1638,RESTAURANT (61-150) SEATS HIGH RISK,26876 THE OLD RD,STEVENSON RANCH,CA,91381,001,ROUTINE INSPECTION,92,A,DA6102365,EE0001453
06/25/2026,OW0245186,THE RED LOUNGE INC,FA0251227,THE RED LOUNGE,PR0200345,THE RED LOUNGE,ACTIVE,1631,RESTAURANT (0-30) SEATS MODERATE RISK,222 N GLENDORA AVE,GLENDORA,CA,91741,001,ROUTINE INSPECTION,95,A,DA6105513,EE0001480
06/25/2026,OW0266137,"FAME STAR, INC",FA0277032,THE ROAD GRILL-N-PIZZA,PR0230702,THE ROAD GRILL-N-PIZZA,ACTIVE,1631,RESTAURANT (0-30) SEATS MODERATE RISK,26870 THE OLD RD,STEVENSON RANCH,CA,91381,001,ROUTINE INSPECTION,96,A,DA6102366,EE0001453
06/25/2026,OW0229536,STEVEN CHRISTOPHER OBREGON,FA0225094,THE VANDALIST,PR0180403,THE COMMONER,ACTIVE,1631,RESTAURANT (0-30) SEATS MODERATE RISK,6754 GREENLEAF AVE,WHITTIER,CA,90601,001,ROUTINE INSPECTION,96,A,DA6102551,EE0001429
06/25/2026,OW0182940,"CSCCC, CORP",FA0301945,THIRSTY COW KOREAN BBQ,PR0259460,THIRSTY COW KOREAN BBQ,ACTIVE,1641,RESTAURANT (151 + ) SEATS HIGH RISK,17500 CASTLETON RD,INDUSTRY,CA,91748,001,ROUTINE INSPECTION,95,A,DA6105386,EE0001494
06/25/2026,OW0297213,MANDO FOOD GROUP LLC,FA0319391,TWO HOMMES,PR0278911,TWO HOMMES,ACTIVE,1635,RESTAURANT (31-60) SEATS HIGH RISK,902 N LA BREA AVE,INGLEWOOD,CA,90302,001,ROUTINE INSPECTION,81,B,DA6106391,EE0001603
06/25/2026,OW0366466,UNCLE PAULIE ECHO PARK LLC,FA0402012,UNCLE PAULIE'S DELI,PR0368964,UNCLE PAULIE'S DELI,ACTIVE,1631,RESTAURANT (0-30) SEATS MODERATE RISK,1463 W SUNSET BLVD,LOS ANGELES,CA,90026,001,ROUTINE INSPECTION,95,A,DA6106376,EE0001524
06/25/2026,OW0039010,"WIMLEY, CHARLES J",FA0039572,VENTMAC M&M RESTAURANT,PR0039547,VENTMAC M&M RESTAURANT,ACTIVE,1635,RESTAURANT (31-60) SEATS HIGH RISK,335 E ALBERTONI ST STE 300,CARSON,CA,90746,401,OWNER INITIATED INSPECTION,91,A,DA6101563,EE0001476
06/25/2026,OW0038547,"WEHO BISTRO, LLC",FA0054788,WEHO BISTRO,PR0035351,WEHO BISTRO,ACTIVE,1635,RESTAURANT (31-60) SEATS HIGH RISK,1040 N LA CIENEGA BLVD,WEST HOLLYWOOD,CA,90069,401,OWNER INITIATED INSPECTION,94,A,DA6106756,EE0001585
06/25/2026,OW0040037,YUM YUM DONUT SHOPS INC,FA0307004,WINCHELL'S DONUT HOUSE,PR0265153,WINCHELL'S DONUT HOUSE,ACTIVE,1631,RESTAURANT (0-30) SEATS MODERATE RISK,5056 WHITTIER BLVD,LOS ANGELES,CA,90022,001,ROUTINE INSPECTION,91,A,DA6105534,EE0001534
